receiptNo,policyNo
998000341747,20014529
994002193427,20050916
987570211141,20070398
000520006502,20102438
007520117766,20131524
007004845963,20135925
012520042286,20138951
987590213360,20182191
931540007419,20207883
939610001110,20222389
932550013146,20232838
007540097751,20238411
007540123364,20243033
933540040505,20251052
936550053778,20257892
998540058553,20267847
998540058554,20267848
987550107642,20302137
007550161984,20314013
935550042047,20314343
591540047069,20323781
692600047596,20328099
007600046167,20348299
998560048134,20350272
935550032803,20357004
007560114294,20359781
007530096011,20361275
012560052519,20368012
017630060887,20371033
838560000157,20378855
007007593207,20391309
081580006038,20394212
007570027940,20402061
535600003785,20403785
228570004894,20416735
228570004895,20416817
007570120642,20423427
007003427136,20426150
007620216474,20433283
000570028709,20436030
233570035530,20470781
007560028965,20474862
007560298069,20476743
841610008494,20482592
601530003470,20512603
111008717700,20529823
998520035153,20530719
940640038134,20544593
092530068451,20545561
281620046738,20552046
941590097331,20555493
221580017175,20558065
007620270428,20582038
007007393877,20586207
826590006119,20612352
829600006463,20617016
535600009689,20619471
007530120868,20624601
007007170756,20640489
936590049954,20641208
492610002688,20659372
940600017367,20662720
701540020759,20677789
821610009716,20678823
012000113544,20681912
007620243505,20689448
007630228466,20689460
000530045720,20700665
571006703152,20701156
000520020067,20701298
007610012413,20702217
994006308039,20704128
512530010778,20706139
938620008878,20707193
195600010352,20707507
661530038356,20709436
823610012233,20723688
A03053343313,20740690
413530013194,20744916
831620013476,20750480
711630006775,20752644
938630008230,20757623
994007599128,20760121
571620092551,20761006
931530060045,20762863
A00031071107,20765408
671002123752,20769944
937630092872,20777335
A01031322232,20777489
941630045966,20786092
938630030185,20789015
571570179013,20789896
994004873596,20808305
221630004676,20810823
571630041164,20811967
662560042624,20817493
571600209371,20817759
812640004144,20818886
501630077466,20821114
193001317648,20825220
691550039930,20826382
994006308033,20826947
571630301772,20827320
622630027321,20829738
661540055174,20832902
987630203452,20833096
094560020689,20834372
941640014913,20834497
000570006004,20837547
571630140831,20837902
135630012186,20838310
007620184539,20838364
533610047450,20840869
994630107904,20851480
007550219003,20853419
994000628253,20856962
262630054600,20858657
351640002670,20859266
571640022531,20861408
936640007300,20862718
571630294618,20866684
533640007045,20867427
938600003313,20871522
216530014317,20872604
940640001249,20873280
826590004726,20874026
131000553031,20878103
007630050576,20879110
224530011850,20881145
228590004185,20881760
812640002667,20882644
000520005094,20883134
231007737923,20885346
007540202441,20886407
012000113042,20886606
455620007983,20887802
692550001520,20887941
533600013261,20889570
721530096862,20890284
815570009179,20890945
228001482852,20894008
989540016485,20894466
571004650843,20895368
007006829080,20897022
007630115880,20897132
071630040886,20899759
007630330942,20906810
452630017065,20908957
007003429794,20909527
341001651636,20910860
571000560654,20910905
936540070334,20912503
148001701237,20912729
007006289658,20912970
987007517881,20916250
111620066653,20916449
007620214871,20916854
994630100001,20916942
073640001013,20917107
937630099607,20919279
353630004368,20919852
695002206170,20922579
555630002254,20924964
341540019260,20925163
341540019261,20925164
341008077863,20925165
017530125023,20925742
936580057667,20926352
007630243312,20926642
554002783223,20928599
352600003151,20929686
692540035361,20931503
932550092947,20935485
401009986044,20935703
401009986045,20935704
842590022152,20936175
721000579889,20936503
007520137566,20937543
007006868175,20937726
007000064982,20939198
821640002514,20939806
830640001924,20941639
932640003837,20947294
699007065428,20948735
472001167060,20948821
074600013292,20949430
193550003401,20951720
122004499853,20953272
235630020253,20953768
940640010345,20957070
694640001723,20957885
307003756924,20961645
411600009476,20963940
007002095588,20967788
133005806062,20967905
007005133220,20969168
391540015254,20969412
A01031337352,20973867
A01031337448,20973869
007005111458,20976989
007550082992,20978558
093640011373,20980064
A01031337736,20981507
063540009928,20982722
987000227764,20989740
007640105369,20989795
987007147826,20992213
987000521251,21003509
116004956529,21013184
536001625280,21017303
941630169391,21020242
136000986676,21028782
838560000106,21033858
000530037966,21038577
691002212948,21042608
007000016741,21063038
693550010396,21070562
724002847848,21111348
012000778627,21113898
007006847607,21118111
826590004728,21118469
654550084947,21123155
532002534865,21123837
007530005413,21127407
000570006010,21127534
454610000401,21130614
214640006140,21131283
214640006141,21131287
233000851659,21134985
233540000573,21134986
987001485931,21137154
261600054796,21137947
216560031316,21138823
940610025609,21141700
007007611989,21142696
263630013008,21148522
652630002377,21151642
132570037829,21153498
116590023490,21156226
998550037424,21158081
453610031549,21160881
041560080988,21166866
281610043424,21168710
007006299045,21176488
472630045478,21178382
361560060286,21181337
221600025444,21183557
007530198791,21183634
940630104459,21189381
937590072783,21190281
415530019493,21192202
007520114366,21196091
622590040006,21197849
451560084326,21202893
272520020525,21203120
007630279442,21204051
007570069883,21205803
821630018773,21206771
007520133868,21209920
416570000400,21216026
007000999594,21217749
231003464918,21223501
694640001724,21223557
940640043687,21231439
221610004523,21231921
939630051145,21234344
007000992117,21235773
007620073329,21239254
451570026022,21241613
987640006334,21245562
411550029914,21255659
275630061297,21262167
007005158925,21271880
007630170493,21272627
994550104015,21274050
721540113924,21278536
007530212586,21278754
007000074686,21279328
061580119445,21287446
987530264482,21289861
007570227413,21298395
622600044974,21299323
581570104198,21307148
724630049799,21307985
416570012756,21309084
416570012757,21309085
385570009619,21309087
007006269275,21315275
553001284450,21318065
007000983417,21319330
007000983418,21319459
453590000146,21320220
940640007395,21321139
698640007637,21331888
940630021098,21331961
231600056169,21333941
007640031217,21337590
541006340544,21340161
453630048463,21341292
691000378087,21341678
261560068793,21348411
007530059317,21348683
722560021685,21349043
212006671420,21349261
932640028785,21351825
695640012476,21358763
725007595248,21363256
455640018986,21370854
116580019047,21372091
936580031933,21375642
662570029629,21378228
007006919651,21379346
271008564481,21385904
042580018586,21386951
032570013674,21418533
301630115366,21424131
007002123454,21425163
051580061083,21433773
939630224933,21436121
361530031223,21441097
931530001013,21443394
533005500796,21444013
383001192870,21449435
007590005263,21453393
134610011557,21459396
363640001619,21459472
536002646275,21464797
007002091900,21466529
066570002647,21466923
263540015089,21470935
392540004347,21475375
007550218041,21477211
000630018276,21479374
042580018587,21485622
A02040607547,21494076
692600006029,21494379
305002554726,21495184
231630024299,21496409
012002272563,21499639
931540044783,21500918
007630124349,21502811
007590306529,21512200
941620124604,21513263
007630168639,21521041
007630168640,21521046
940570001308,21524571
413530008352,21524934
007520037772,21525048
043630029017,21526907
131590058697,21527044
401550014123,21530248
007540276985,21531054
535004102479,21534500
321590053101,21540099
937630119281,21544857
622540020257,21554145
940630111270,21555988
721560010237,21561113
932590016738,21564155
261590013027,21573731
823630005651,21576351
645002677929,21576623
822590014260,21585161
263620020867,21585894
263570005683,21585909
694640014434,21591223
694640005886,21591231
694640005887,21591232
383006662302,21591567
131600018758,21591995
007530035744,21602064
007540060138,21605131
842610010513,21612323
A09030792478,21613006
455590016396,21621770
224590014664,21625878
252580010115,21627520
571630141076,21630114
816610018245,21631008
061520007474,21633358
312560006357,21636580
384520002173,21637871
937630092297,21643485
007540157577,21646441
136570017181,21647645
097630010162,21647801
994560010175,21650135
000640007266,21654084
831630013454,21658365
411590055364,21658689
822590005295,21661075
A03061807290,21662980
821630014699,21666110
831630013469,21667741
007530229799,21673759
263580019626,21673766
501560004046,21676918
471520024630,21677590
932640036271,21680222
998570100361,21691077
937640041039,21691718
007630304369,21692422
007630304370,21692447
A00071583969,21692453
007630304372,21692465
402590007148,21696657
A00071594581,21699493
933530037574,21702177
932520017876,21710679
941640028765,21714613
212570022140,21715612
561550003025,21725547
936610031686,21725580
940610023074,21726502
A01063408848,21733517
415530004955,21735438
231550019114,21742714
697610014827,21747298
821640008795,21747358
000630019544,21748294
007630115888,21749778
391620015438,21751664
534600018461,21758159
017590057236,21759490
941630243095,21760943
555630000317,21762487
007580446610,21764179
007530129363,21767404
069530000180,21770039
940630075601,21773541
007540165333,21774899
987540191655,21780199
987540191652,21780200
933560025868,21783169
007580327876,21783750
939560046886,21789917
571640118121,21795395
211620095805,21796264
122580001102,21798964
701580069980,21805620
231530041097,21809899
007530035682,21810768
281570050750,21811159
191540017718,21812431
007580398427,21815040
007580410470,21816093
231550009714,21822040
007530255598,21822143
936540100199,21828101
155590004013,21830079
936640033886,21832514
074640000490,21837089
074620001241,21837360
501640003645,21840041
932560009374,21842284
132570066500,21842964
987550033502,21843561
007540017742,21845198
701590008154,21846000
281560006138,21850146
591550011671,21856588
007630063268,21857836
214570031836,21858404
A01063182932,21859674
263540008346,21867457
536610009332,21869135
017640027715,21869587
940630041655,21870173
042610013884,21873443
536610009329,21876577
131540047221,21877088
940620038541,21880449
535580026466,21885290
534620025320,21885513
535580015460,21886306
231550008667,21892401
007550201148,21897134
007540020044,21899811
136570011035,21902584
301540064750,21902795
987580196473,21904090
A03040639676,21905588
455620033431,21918802
271540098258,21919661
231550004359,21931830
936620004160,21935766
007640083615,21938072
391580027924,21943179
822560011056,21946540
731600018633,21947690
534620053192,21949039
932540081495,21950955
932540081496,21950956
007560191103,21951544
932640005730,21951599
532600007537,21957111
111630065263,21957145
986640000835,21962289
671640007973,21963171
231610009820,21964233
007600042488,21967612
451550022295,21970282
007560005709,21971184
007630036094,21971825
007630036095,21971829
302620047295,21974723
534610006538,21982864
932640030227,21984058
531580035021,21984167
007630086216,21988138
007630091914,21988873
007630091915,21988876
533610024373,21991641
940630067534,21996589
571630110873,21999496
823590011127,22002102
007630111197,22002970
534570027105,22002982
502640006029,22005127
571630224252,22008170
830630010668,22018119
940630059846,22021731
641630038463,22023210
274630019892,22024001
171550013661,22026371
994630090234,22027877
074590020589,22034682
935550064539,22040534
723630038397,22045336
994580148595,22050005
202630005790,22051291
132560098644,22051796
826550000828,22052085
007610304561,22075413
231550054446,22081644
062560052140,22081708
000610004795,22082222
007640011393,22094077
699610016899,22096314
A01031579367,22098586
571620082238,22100577
994610092101,22100795
071590023171,22100810
571600188510,22103792
455560005701,22110234
281580008899,22115404
261640011945,22120346
007580161021,22121665
272580096002,22128336
061580046667,22130970
817600008039,22134519
932640035592,22140686
007580209254,22154893
831580005596,22154894
172590006420,22156508
536640000635,22162070
155590012940,22165235
161640005583,22168139
932560058840,22169622
099630010401,22170463
681570017991,22175663
262630062989,22176145
994610095871,22183784
994630116734,22183785
007580313526,22184303
456610012072,22187717
940630092975,22196929
096580031525,22197346
007560130108,22197499
441570001886,22202499
413630019166,22202913
231560039525,22202999
722630046047,22203232
007630248534,22205511
007560076028,22206366
007630248791,22207520
987630272376,22209110
043630000148,22211339
940630070746,22217030
007620286682,22219563
007630279454,22219581
940590105077,22219976
940590105075,22219977
932610067251,22220445
371620029150,22227155
192580041277,22231118
218590004799,22235728
007620018749,22235941
017640008855,22243114
822560011055,22248611
007620045063,22249242
656620002571,22251749
571630029372,22253232
591590042783,22254100
671640008029,22254774
007590059709,22259617
061570039697,22264521
091630040532,22266587
502610019765,22268230
392630006973,22268369
000630013717,22268660
007630087364,22274791
940630043486,22283415
501600011134,22285692
276600022395,22286705
353620002982,22287063
137600032557,22287747
940630060915,22288146
681630031934,22288859
221620015875,22294406
221620015876,22294417
007620124812,22295051
A00062181165,22295204
732600010993,22297427
664640007220,22299304
636630008184,22300454
591570036382,22306406
481630069361,22309324
271600084565,22311499
939630087730,22312214
571630153963,22318173
233570016597,22318753
371590053452,22322337
252630001398,22323536
441570014657,22323903
571630178130,22324737
138600015223,22325895
192590006536,22330315
136600016124,22333501
155620014513,22335231
694630039080,22335546
571590202884,22336068
733580021424,22338241
401630016887,22342169
481590018905,22344641
571600168013,22346377
471630079239,22348179
271630084414,22351556
987630279142,22352969
987630279143,22352970
541630056541,22356730
725580017639,22359594
091570074972,22365475
506640016264,22368204
007600279007,22368605
932630003619,22373275
512570026340,22373437
A00071491420,22374245
007620333921,22378972
506620035592,22382424
007630309054,22382904
936640039386,22384451
652640006667,22386198
941630028254,22388992
453640011161,22390278
987630355578,22390784
941580016076,22391337
456630007124,22393464
007640011496,22393476
117630002587,22399059
274630026131,22402518
274630004271,22402535
701580009270,22404996
937630004798,22405618
007640033746,22406621
323640009335,22407607
261580012532,22407760
481620057900,22408704
007580066540,22409615
939630107352,22411179
091630040530,22411231
092590029159,22411606
274640009206,22413043
455620009696,22414507
581600116577,22415245
454620012736,22419901
653590026982,22420157
561630003233,22420278
722620017533,22421987
535620013839,22423715
413630008481,22427788
681630043059,22430133
994590048211,22430410
937590047262,22430552
454600014074,22431868
502600013289,22434278
432630008698,22438092
202580021385,22438528
454630023691,22444321
007630086218,22446046
202640018446,22448177
191630101479,22448997
007630118539,22449816
987630357675,22450656
132600051416,22450663
535630025526,22450882
275590025609,22463660
007630147026,22469257
061630077158,22473162
820590001403,22473360
492600015624,22475574
987600193992,22480109
261630015767,22485285
994590087017,22486797
501600002985,22488746
061630077162,22495917
833580010241,22498336
304630005696,22505816
214620062219,22509131
371590119116,22512058
301620028342,22514986
501600042324,22516933
940580087717,22519724
506590013456,22529683
301590016032,22529711
571630262746,22533520
824610001199,22536841
733640009013,22538898
641630038453,22541079
655600024301,22542857
815620003506,22543797
261620049396,22552241
363590001337,22553811
363600005377,22555681
007640002062,22558561
007640008528,22558563
534610042499,22563488
131600023254,22564673
007640026861,22569196
131600138914,22569705
591590009995,22571796
940640036722,22576322
571600067164,22579428
413640007687,22580652
994600048564,22587197
455630017473,22589957
692630048260,22591828
815640008238,22592389
007620121661,22593469
007620127515,22593591
455630023154,22598772
218590028308,22600340
987610340114,22601257
007630138801,22602926
939620008384,22604368
571620136538,22606907
571620136517,22606908
932610040942,22611522
821630015057,22613042
692640003337,22615576
081610057876,22616031
943630223900,22618403
007610155927,22621989
940630082829,22624575
940630082828,22624576
455630025191,22624695
A03060114950,22624878
221630023922,22625017
461630025113,22628087
939630164588,22630187
007630193300,22632271
831620013549,22636142
007630226130,22636410
681630027587,22636980
937590074913,22639581
571600168016,22643305
042610002323,22644255
323610033138,22645112
007630222823,22645621
938640007139,22645751
694630039743,22647792
940630106701,22652922
699640003400,22659688
281590054831,22661214
007630284579,22661508
007620286689,22665436
936620040866,22665470
939630239453,22667179
941590142831,22668740
987640025863,22669488
231630057919,22670063
701620070161,22675887
936640034544,22676065
007610344495,22676070
C36259810101,22677752
C36417120101,22681893
302600004965,22683197
701630011960,22683966
276610002882,22684351
007600015403,22686048
211610110491,22687011
007640012923,22687556
501640002690,22688339
534640001285,22688811
936640050570,22689020
940640023664,22692888
C37158720101,22696472
007640031225,22696611
007640031226,22696618
007640126718,22696623
C37186180101,22697066
937630038416,22697755
543600006493,22702137
007640062369,22702282
C37660020101,22706983
571640078088,22710588
506630020995,22713226
323640003925,22713443
C37928030101,22714118
383620012658,22715296
272640030098,22716235
641630038454,22717604
941640115169,22718282
994630150001,22720898
939620008253,22724805
987630357680,22727842
994610058717,22729531
994610071001,22729533
994610071340,22729537
C38682300101,22729796
007620115947,22729837
561610008276,22730354
202600057402,22731743
826630006047,22732400
007630141178,22736871
282630022909,22739602
994610083496,22740230
994610083742,22740232
115620003185,22742803
939630127044,22744654
939630127043,22744659
C39384310101,22745235
C39384330101,22745237
007630167811,22748369
987630181948,22748699
815630017873,22749348
571640010722,22756160
823600021958,22760907
007630195391,22760943
533630051449,22765127
383630029165,22768634
007620231034,22769604
571610150859,22772338
C40615200101,22772375
C40615230101,22772376
007630308148,22773077
987620270692,22773871
413630019407,22774704
C40844690101,22778297
172630021375,22778897
932630003722,22780592
501640002692,22782093
007640074081,22786326
535610005255,22788062
940640008325,22789476
940620093524,22789733
C41459350101,22791095
A00071577390,22792598
A00071577428,22792599
091620069194,22795831
C41756810101,22798732
831640004084,22799241
261630054412,22804514
323640003927,22808514
533630005472,22810874
C42316380101,22811046
671640008028,22816247
216620012045,22816814
137610008847,22818308
C42695600101,22819265
731610006056,22821262
940640026722,22823391
C42916160101,22823603
007640126717,22826056
571640059736,22832446
007640057048,22834363
725630009450,22834898
453640021737,22836374
632640009732,22840443
231620030899,22843307
A03064821735,22843664
C43975180101,22844689
C44077090101,22847437
061630041175,22848832
C44241610101,22850585
472620016510,22851216
941640117317,22852253
533620047620,22853624
007630113101,22854604
007630113102,22854605
007630138050,22861057
C44842390101,22862089
481630039878,22864406
491620036466,22867296
622630000809,22867468
940630078381,22871549
051610024420,22875477
940630082123,22876521
C45505210101,22877942
C45588190101,22879983
641630038458,22880799
681630027589,22882317
725620025429,22883552
307610055228,22884450
C45947880101,22887481
C45965140101,22888237
007630195397,22890209
C46041710101,22890381
142630149661,22895331
937640001500,22900211
681630043334,22902657
833630016461,22903936
007630255608,22904167
940630041422,22906323
007630248546,22910912
694640001735,22911922
534630016443,22913738
987620295278,22915195
411620081808,22916281
C47270360101,22917978
622630050741,22920101
932630008262,22920809
932630008261,22920812
401620012216,22920975
133630033890,22921403
C47903510101,22932263
940640018099,22933075
172620034307,22933225
172620033973,22933470
C47951280101,22933921
C48044270101,22936246
007630309055,22936289
C48066590101,22936802
461630035196,22936888
987640025102,22939084
987640025103,22939091
451640002298,22941258
251620010047,22944653
323620051615,22946696
371630008418,22947619
321640017506,22949909
293640002354,22950655
941640033523,22957508
262640019307,22959975
994620024137,22960333
591630025736,22960352
007630063277,22962536
C49696950101,22971787
C49743570101,22973362
534630029275,22974855
534620022635,22974875
007630130020,22975686
C49885680101,22977061
987630139327,22980140
721640020570,22982292
211640020947,22982471
501640010148,22983198
504610034298,22984242
007640057720,22985515
415630011847,22986219
021620010961,22986930
007630150671,22987636
C50404080101,22988918
573630057030,22989907
451640047696,22990855
133620019265,22992319
939630099894,22993829
161620058011,22995092
007630167816,22999770
411620051384,23001430
823630013601,23006480
571630219538,23009259
534640025465,23009833
501640010149,23011344
C51490210101,23013333
611620022896,23013711
C51536000101,23014195
535630028140,23016247
830620021390,23017337
C51695220101,23017596
454630044707,23020637
007620105991,23022898
571630234215,23024888
994620120110,23026164
941630127452,23026483
274620037002,23028134
701630070805,23028478
721620098882,23031446
C52647260101,23034100
C52574830101,23035530
C52608820101,23035992
007630279475,23037332
506630030794,23051733
C53420290101,23054872
007640004459,23056795
817630003884,23061678
132640020116,23064345
994630031259,23066356
591640007248,23067957
C54089740101,23069975
131640022019,23070558
699620043594,23076823
943620156958,23076925
221630011665,23082745
501640005333,23084182
C54722080101,23085019
994630067481,23088039
940630055279,23088077
139630011607,23091345
987630065708,23092715
831630014690,23097305
112640022821,23098226
116640008388,23098935
694630028983,23108198
C55836630101,23110680
323630023594,23125129
812630007502,23126563
007630201026,23129544
007630231462,23140150
007630222829,23142316
007630299372,23156930
994630137613,23162464
C57962350101,23168666
C57975160101,23169091
694630047992,23169791
571630272283,23170270
C58016250101,23170666
007630279479,23172171
007630279480,23172174
940630106700,23174833
224630016623,23176488
007630274755,23178553
323630023596,23179140
142630153751,23179228
007630287488,23180539
C58296950101,23180746
007630312628,23181504
007630317022,23181505
481640019686,23189231
361640026117,23190405
C58776090101,23194484
815640003099,23195466
000640010767,23200116
007640031617,23200295
007640031618,23200296
331640010107,23204429
C59551710101,23215836
C59580590101,23216543
571640085866,23218255
C59665930101,23218956
C59682240101,23219685
C59721520101,23221396
571640085894,23223166
C59958100101,23230479
941640080477,23240356
C60426430101,23245960
C60478700101,23248176
007630241696,23253685
C60827190101,23260662
C61188990101,23272865
C61189310101,23272872
C61210540101,23273536
C61342060101,23277837
C61629620101,23288670
C61689480101,23290270
942640008653,23290769
C61749160101,23292531
C61787540101,23294158
C61807650101,23294861
506640003077,23295090
C61982510101,23299841
C62054650101,23301933
C62059640101,23302093
C62161770101,23305908
C62176660101,23306571
C62272970101,23311600
C62456960101,23320186
C62697130101,23325573
C63161280201,23333094
C63195870101,23333658
C63310010101,23336226
C63487800102,23339563
932580004559,25004139
998610037514,25027630
987570026391,25028514
007580412598,25050808
987630216426,25067012
936580047109,25076085
000550002872,25077136
A09031491685,25078524
940600005737,25079552
007004437244,25082259
842600007377,25083151
571620210687,25116886
571009741918,25117519
938620020258,25119790
091610022885,25128984
998570092531,25129407
263610020927,25130545
940610065005,25133082
007006818787,25136375
000640005555,25138371
A03041446271,25138790
823620006859,25139128
938620013611,25140650
940610087039,25146625
937630025510,25156383
091610064699,25156858
941630020536,25158750
263600019765,25159214
940620040950,25160481
822630010577,25161958
017530125359,25164188
998004698919,25166590
940630059819,25168560
816600001575,25173496
304640011389,25173748
111620080033,25175539
815540001035,25179677
017005914777,25181720
A00063149894,25183032
994590147899,25195335
994009768933,25198430
017620054523,25200994
191540044050,25203930
A02063400439,25204779
007530236019,25204780
662560038472,25206853
987630328338,25207147
938640006600,25207704
007520139505,25207705
847630003254,25208140
932640002621,25208348
934540031848,25208793
994640003731,25208983
571630019028,25209499
998550005347,25211791
821630010290,25212529
935550062309,25213862
017002257577,25221695
017000131467,25224798
987004155469,25227242
007006872039,25233201
017580118427,25233343
007003239075,25234381
007540078990,25234525
007540127745,25236207
940630066790,25243494
571000185523,25244189
933540027896,25253948
571008772393,25267293
681540015128,25268012
007540049386,25273818
571590156017,25281277
000540020217,25282042
936550055583,25282760
471530030846,30166070
116530021103,30201599
372530022774,30226720
233530014214,30227521
233530014215,30227545
371540002249,30275416
061580134905,30277865
938550009770,30325960
692550012462,30334509
391580011682,30370175
148530015620,30412664
195007146249,30428534
382550007992,30443181
361530007762,30444979
682550002696,30469010
071540009010,30479534
307006950202,30535383
007006015688,30580076
401000672894,30593715
555001715057,30600769
654570012420,30605478
492570058578,30634141
828570004112,30655939
148590002303,30734759
416580012184,30764339
392590006481,30797488
697590012555,30819170
112600053117,30830971
383530006719,30848528
938540012747,30864576
665590007320,30874422
131590050139,30948177
221600000981,30962741
652620034396,31030328
651001102343,31031222
333600021844,31074740
817620018421,31091293
681530014428,31102033
940590069597,31133244
391001662280,31143603
007540298579,31147386
072550000897,31157860
301610058551,31177375
171620003734,31179647
581580029610,31186488
415002880083,31202196
223620012335,31233368
501630036031,31234497
534009014601,31255512
361009345155,31273114
133006313505,31277182
621006801515,31279794
501580073625,31281578
431590052181,31286512
725007593460,31314028
652610017238,31321025
191006996874,31330157
413630010859,31337456
411630077012,31337912
721000588851,31345307
653590000841,31347927
654630053274,31348017
116590028422,31349839
555620002416,31355780
441001630139,31357684
064006063926,31361891
031550001937,31371779
571590181544,31373344
521006740196,31375815
652600005260,31378926
271006984754,31382578
252007962416,31392763
699003451167,31395616
133006069415,31404777
302540057208,31414322
721009415108,31417724
413540002102,31419960
411540025151,31420816
651001376384,31425940
543001780305,31429094
543003767100,31429158
544630011853,31429696
541610044784,31429895
271009262445,31431348
041000891961,31444296
261008347758,31444474
000520017301,31444898
391550027916,31445009
139540006849,31445974
212004978305,31447595
432600012789,31452821
721005130242,31452848
691001542106,31457635
121005618302,31462575
303630041569,31464670
695630014285,31466513
411600079327,31470240
411540047447,31470482
051005325401,31474250
621003736459,31475115
214560005942,31476004
611520003151,31476390
131006083683,31484579
531002547793,31485451
123009201297,31488761
391005810701,31497949
521001328355,31499030
063630016009,31500735
695520003672,31524364
535560015412,31537175
534580010537,31550052
007550242986,32000391
672530004563,32019509
936560009746,32028026
218610004266,32029035
361530015748,32042197
007560029786,32044301
641001359025,32054399
533004740006,32062717
361610034148,32064438
994570113045,32066663
017560110058,32079771
451570053681,32082187
674620026996,32095161
941630135594,32095845
481000842045,32101072
681560014206,32109136
195620004691,32110028
699630018614,32125838
112530069899,32130099
302630040187,32142881
722630030708,32147310
007580353925,32152623
998550002994,32162237
411570028797,32162870
007570069887,32181052
041590089967,32185291
145640001108,32188325
728620020079,32198617
939630227427,32200711
833630018131,32208083
555005091996,32219483
571580081011,32220772
134610011558,32238879
936550107583,32259418
940640037546,32273085
308001555237,32283840
212560031813,32287285
007560147257,32290206
817570007891,32305154
303550022597,32311716
133630006554,32320951
821630019624,32335440
007004797416,32337343
007570208069,32353325
987004664697,32357603
017610002223,32393192
521530044842,32438932
211640030522,32447711
007006842860,32447810
139630006434,32453394
535580014816,32454371
711550001827,32457847
391590022593,32464766
A02052312064,32470589
454008694887,32476427
007540180043,32501562
454580028680,32506799
271520019623,32519497
272630077856,32519858
536630027912,32521430
451530003843,32528590
833630017979,32548231
231570018701,32550667
007540257955,32565842
261580057203,32571635
940640012682,32578976
823640001869,32585419
371640001786,32595267
000580030382,32609704
007630033557,32622293
655640012865,32628422
938600010298,32629074
555001798510,32633471
934580001174,32634783
007630058317,32639744
007620109774,32639868
007640091075,32652150
581630051809,32666870
144590005439,32675360
645003849883,32695689
202640032382,32699649
651006718491,32700979
411590068128,32703819
007630157200,32722042
932530035856,32723657
698630004206,32742867
848600003115,32750975
932590009954,32751647
937590069378,32751717
007002108632,32751953
031002484324,32780382
007002128614,32789258
604560016804,32800766
936590056674,32807769
134590024111,32820946
625590015169,32821182
092630011709,32822335
533560054389,32827906
940640002009,32829242
007530090430,32829519
007570070004,32830061
502610003587,32836954
391006773176,32837544
343630004576,32842115
571640020771,32850509
532620069900,32853915
361600010738,32860666
353640000929,32862423
151620000303,32865953
431600033196,32868041
007520018548,32870206
007530038545,32870407
987520092989,32874443
697570018928,32883183
301600004698,32883224
051540032730,32890411
936560045482,32892792
823620023096,32905224
155530000041,32927188
491004910836,32929050
138550013696,32929428
262600020991,32932319
007570075375,32938234
535620021676,32939136
940570008737,32952770
262590069855,32953749
353560004230,32960740
941610145364,32960793
571530045903,32965730
932640000371,32968283
193005491783,32980123
931530038944,32982575
000570003982,32986791
133610032746,32995596
007630184252,32997912
007630184253,32997913
007630184254,32998005
937590070223,33004162
304550004239,33011107
703590012122,33011901
987520069514,33012224
842580014316,33012418
653530003392,33016064
007520061625,33022154
931520007536,33029589
411006121427,33035503
431570073093,33039060
986630011529,33042001
353640000002,33058285
661630076272,33058298
571550177457,33064992
123008019304,33067623
411630081188,33081009
135530019999,33084021
007540048058,33092861
007600279966,33093094
653540024381,33104751
051530025267,33104943
007600262779,33106406
431560099682,33108276
431600091305,33108282
571530176755,33111074
137580033132,33117418
271580064183,33119535
271600067383,33119706
936550022983,33123217
262590074019,33123919
051600057521,33130880
192590031062,33135863
652610006807,33138219
262590005908,33143063
506640010235,33158014
402580005584,33161726
656590001906,33162514
533610027455,33163285
652560018302,33165033
691550026737,33166774
725570019764,33171834
940640052613,33189634
653630007668,33190606
456560002477,33198344
082610020818,33202754
641560009669,33213252
361570036849,33225037
504540019423,33231006
701580069979,33244103
931530036996,33247839
071570010532,33250135
017560064553,33263026
936530052259,33270547
998560052002,33289383
007530184588,33290580
838600000750,33301461
933530027702,33310048
051530044695,33310270
073590009088,33315589
071560047028,33315611
625540017771,33321758
692580038651,33334653
293600020112,33338284
262570073548,33342467
622580037611,33347655
111600006133,33348291
000570017691,33354310
935530037437,33360060
722550009260,33361150
007550239951,33362746
007580421941,33363180
724570057255,33368136
551540015822,33371052
332560004942,33371267
191540044360,33381599
123580025436,33382537
007550153032,33382783
830590021373,33382929
007590018716,33395754
261580006933,33407948
937580039222,33432254
941580036622,33433081
007006872913,33433524
532580002115,33442367
725570019763,33444126
940600009644,33445349
652630015052,34460423
823580011217,34463243
453610031430,34465075
274580003981,34468626
471550030302,34474240
681008206229,34474673
000590024969,34487720
043630010035,34493381
799560000555,34504096
382560006181,34522946
007530236601,34523203
017560069139,34533049
941640087454,34537879
293570001063,34547090
261620057168,34549292
071570020368,34549615
652630021359,34553368
536590011608,34565591
000570034247,34575995
937630070803,34576913
007610114566,34577253
641550020729,34588088
091620071948,34589559
383550013615,34596279
271620068296,34606973
937580042956,34615441
931620019709,34615710
653560018454,34620083
534620046358,34620293
987550196187,34621378
695600015975,34623489
695600015976,34623490
601590013960,34623882
939630007935,34625756
007540020048,34637433
361570026073,34650721
007630200525,34657298
571590016150,34657719
641550023472,34667054
305620022559,34686908
000630037038,34692360
571590150371,34693476
571540169265,34704291
699540015882,34710656
413540015615,34716465
940590106202,34716662
012570101134,34716875
071580039874,34718679
301560045125,34719365
831580010183,34720498
987620004240,34735399
937570059652,34743128
815590027650,34745499
007590279492,34745547
940630110077,34745657
561600015049,34749127
941630017226,34756961
817630003223,34764033
007560093329,34764445
940580092776,34764466
007570039723,34791098
138600000842,34800457
671640007974,34819975
000620018894,34820112
161630023845,34842523
571630084680,34847804
932640034198,34847851
631560017964,34851844
571600061837,34864705
631610005098,34867876
000570016262,34903182
571620164241,34903222
007600262780,34906395
815600029452,34906873
007640004536,34908246
938640018607,34908810
571560066055,34909836
007570113197,34911756
940630059971,34912649
007560220501,34916216
571620267556,34919198
000640006407,34920562
940630096491,34921138
937600051174,34922812
842640000110,34923809
A02034085789,34924493
007610165681,34924821
571590202882,34925191
483580017728,34925326
936580000301,34928529
531630041251,34929470
571620267558,34929607
007580019164,34930364
827580000475,34930750
007580390329,34932074
007630195028,34934816
941580127032,34935289
641630038452,34935334
007580371719,34936611
007610230136,34936654
941630246328,34937622
823630019980,34937921
263620002620,34939970
936640042189,34940629
932640031022,34941052
007620088822,34941691
940630066249,34942983
007590162226,34944122
007600194060,34945174
007590209695,34946124
007610248847,34947322
C35770140101,34949181
817620003916,34950037
007630094251,34952705
937600051570,34953441
936600033438,34954217
936600033437,34954568
C39409200101,34955177
007630204165,34956138
812630007682,34958489
007630287496,34959118
112630052391,34960592
937620037567,34960655
C43441920101,34962418
822610010002,34962904
007610150622,34962980
940640047250,34963041
007610087041,34963196
007630226135,34966678
007630295844,34968746
815620007082,34969714
937640041361,34972071
007630167831,34973933
007640015281,34974250
C52010990101,34976377
C52882500101,34979037
C53411960101,34979827
007640092523,34982134
642640001924,34982161
007640043517,34982879
941630185251,34985105
941630211652,34986250
937630120336,34986480
C59401490101,34989566
C59401500101,34989567
C61301630101,34991195
C61787580101,34991865
C61987350101,34992256
A00052525032,34996004
218590023983,34996659
411620041893,35007470
631600019850,35029033
655630038678,35046151
664580028362,35062540
201640008657,35064749
219590006451,35069091
571560065462,35075444
987550244491,35098598
941580130238,35099454
940620098154,35104058
621630060443,35106113
651640012723,35114528
655610029750,35130366
936570012229,35142173
137550013713,35147410
411630030560,35155528
641640002461,35157090
987640028079,35157871
251630007800,35165153
A00041623478,35168105
937640008756,35183920
401640005176,35209141
171560004005,35219512
552560008315,35229559
212570019467,35230782
555610002202,35264229
854630002687,35272168
481640032974,35287918
822620003726,35324995
471610030794,35345359
431570047526,35353954
937630066293,35360750
506630052256,35395402
456630014046,35402120
987550280725,35421242
987630212042,35421300
054600008911,35428290
941630210113,35431792
461630038096,35436398
064560010521,35452540
123610005153,35462790
722570048856,35466936
943640115436,35482380
331560027955,35485305
457640006461,35516394
211590035347,35591593
987630063499,35593989
361580064234,35598215
135590003469,35599700
A02044738323,35608791
392630008058,35617765
053570000866,35621967
652600020724,35638534
115600007352,35644699
041580055352,35648666
994630083721,35650810
263640010434,35652583
699630018616,35664711
721630029030,35665059
432630008697,35665671
276600018663,35665830
652610028732,35672474
652600020726,35672496
987640094254,35677727
651630017679,35680837
A02060705402,35691047
655630038360,35694163
940640055370,35701814
724610048564,35708257
A00063373798,35708546
137630032399,35715610
117590025010,35723979
452630023241,35728673
681620032990,35731350
231580031015,35734077
063630026134,35737668
032630009608,35742946
724600027204,35744431
136560024785,35753137
571630285509,35760375
271570064598,35764978
322590006946,35769507
481590026563,35778475
987630194520,35785033
611610021006,35802986
571630215459,35824775
074600025116,35833912
472590052584,35841752
483570007220,35842731
733600024994,35843304
412570021190,35858781
371570090831,35858869
682580011460,35861021
A03043507446,35862386
413620017849,35866816
701630067256,35868164
138630021673,35879955
987630270441,35882226
987630274962,35882376
938640014848,35890074
656640000306,35902272
413630021463,35902653
941630248113,35917490
652630033153,35925809
202630005793,35934209
304630066391,35935240
654630060918,35935349
373640001385,35942147
571630123196,35948399
941630143252,35951242
017600018235,35972415
571630146343,35980077
814570009284,35980993
728630017220,35994101
728630005523,35994104
842640005921,36009132
987630267304,36009340
940600102515,36020486
621580029117,36027310
372640011099,36029132
830620021544,36029227
641630017197,36030217
631600022318,36031564
304580024900,36032222
142630092172,36048503
994590061357,36055797
936590024027,36055877
453630025171,36062702
454620020865,36074456
694610001107,36081842
835630005490,36098117
142630064306,36111706
938640011562,36124402
571580127020,36138454
454610048011,36144548
654630046631,36150480
455590005618,36154734
621590038827,36156051
361630044956,36161959
943610171538,36164246
133590034521,36171089
542580047799,36173071
502620022750,36174267
533590010725,36176120
274640009234,36179342
652630029129,36180788
063630019406,36183919
655600031219,36185539
275590008526,36186989
275620039601,36190752
454640012983,36198901
302630042352,36202980
698600041465,36205197
135600013091,36206292
502610032517,36208623
631600022281,36209494
941580135063,36214654
501630077756,36216278
112630018071,36217557
112630018069,36217558
112630018067,36217559
987620308198,36219737
201630062157,36232014
944630003198,36234166
533620063862,36235694
193640000611,36249481
939630212886,36250574
823600021956,36252522
681630043161,36254693
323640009352,36255153
323630053944,36255154
571620261310,36255513
542610020396,36256214
481600078588,36259897
A00051613869,36265380
534580030921,36271448
535630027286,36276701
415630019938,36282618
534610045282,36296926
361590006586,36297738
301600005511,36300689
323640003628,36303077
632620025859,36308333
987590325276,36326444
535610008661,36329041
C30593890101,36329309
193630002975,36332389
534620008385,36332537
373610016108,36336835
213630030059,36341596
681640005525,36345541
457630003499,36355219
271640022404,36363504
655630008726,36372271
941590035120,36374955
391640020780,36392080
371590036181,36398596
713640004369,36399624
272590035124,36400682
994620043839,36405572
081640029911,36410317
987640064556,36413484
722620051540,36415101
535630024271,36433625
823590011125,36436384
573600021962,36448701
833610009646,36451368
633630008799,36457583
571620160027,36459675
481600039564,36475452
301610053254,36477799
831620011783,36482179
940590092571,36485757
506620006972,36488626
989590018691,36488734
551590019115,36491055
413590014295,36496522
987630163152,36496857
139640003592,36503861
655600025124,36505162
941630204911,36508104
371620113152,36513531
C34046480101,36513714
481590034949,36516579
411630066328,36523166
987640026266,36529561
A03054908278,36530701
535600032541,36530992
431630063741,36535055
121610022887,36542166
000610031155,36557609
481640017395,36560267
940630088850,36567999
724630011124,36571251
144600009181,36573169
142630093284,36575920
672640005146,36582487
063590018628,36583442
211590017599,36583696
211610006477,36583949
542630050690,36584696
061590093089,36588383
C35902020101,36589120
452600004086,36589611
940590052646,36592858
987640028094,36593595
C36828850101,36599586
940640001212,36606092
A00051632591,36615721
653630038472,36619163
655640002876,36619244
722620028251,36619924
728630011251,36621711
656640001242,36631781
454620053599,36631801
501620013479,36635324
941630016872,36642469
391620036835,36643031
941640125586,36652940
363640001624,36653187
591600004830,36654374
323610040518,36654539
C37818110101,36661016
506610011843,36662560
C36532430101,36663154
941640065983,36665308
A01061897528,36677026
632600012232,36678361
692630048132,36690617
341600008748,36691154
561630013343,36696892
C37643800101,36701800
944600000629,36702265
381620007914,36703226
C37805990101,36717477
664610010640,36718850
092600012977,36721857
382630008682,36723467
228610001001,36723980
272590087815,36725973
304590075826,36727725
C37870020101,36731376
C37963650101,36733706
652640000325,36736766
274630017701,36750873
116610017111,36755118
456640003177,36759314
133620016204,36761036
987630202125,36761419
142640035249,36763191
664630014279,36764823
C38516630101,36765983
323630023604,36767911
272600090091,36770280
644630002946,36780558
934630051602,36784514
815620016523,36785404
147630019680,36786026
115610020385,36786856
652630015536,36794280
C39013020101,36796674
571620157098,36796887
304620003060,36803368
453630028400,36807158
071610040822,36807617
116640007413,36813175
815610027877,36819415
501600015184,36827776
C39770110101,36830945
C39916120101,36833697
533630050147,36834396
653590034864,36856055
091630062248,36859414
937630113460,36877996
492610058984,36886450
C40840370101,36886880
117600023250,36887971
C41008410101,36891101
051600057065,36893570
652630035421,36897571
C41319800101,36910770
C41436670101,36915525
C41167380101,36915761
C41312410101,36916490
C41386080101,36917981
C41386170101,36917984
C42044700101,36940455
454620052620,36940730
116630039891,36944800
C41734910101,36948356
941640032507,36948560
C42083910101,36948786
147630014467,36952949
C41929630101,36953960
C41932870101,36959368
051630003544,36963857
655620010249,36973251
C42371620101,36973923
271640008208,36983680
221630002505,36986891
987640148165,36990049
274630027654,36993228
411630012206,36996939
C42743350101,37003264
C42868790101,37004505
231640017649,37006995
591630045338,37009291
148620008202,37011976
304630014233,37020051
817620017108,37035195
653640007805,37035581
221640008584,37037578
725640009532,37038384
091620071949,37040192
937620010213,37045039
C44028730101,37055088
C44616220101,37062325
C44384180101,37066437
C44206050101,37070394
272620059333,37071992
C44120060101,37077056
C44186320102,37078171
C44650020101,37078722
987630201956,37090246
301630057530,37092205
622630024896,37094696
021640001947,37097850
C44384670101,37098086
C45014460101,37106248
653640003487,37108469
722610001830,37116939
392630006728,37123589
233630026033,37124009
142630129775,37127258
815630021125,37127280
323610033747,37132571
C45553730101,37134203
534630037496,37136420
632600042606,37146529
C45517340101,37149874
937640035395,37150637
C45897780102,37157680
431640007135,37169198
C45738490101,37174004
131640046189,37174878
C46247990101,37179067
C46393730101,37179104
063630021691,37203556
494610014563,37204432
C46372650101,37205704
454630049543,37209454
323630053947,37214982
987640028081,37217942
139610011381,37219039
C46674160101,37224703
C46852250101,37225680
571620257441,37231533
042620032550,37233580
941640011795,37240918
C47920800101,37245670
652630034098,37257696
C47739330101,37260657
C47804150101,37262062
132610007769,37262515
943640065968,37264071
C47917160101,37276146
042620017642,37281432
653620012429,37283336
C48266030101,37286428
C48198800101,37289967
082630013080,37294098
401620022040,37302342
987620039756,37308393
C48490050101,37309726
131640046195,37322668
698620004782,37324805
C49282780102,37330428
155640007910,37340934
133640015337,37344364
094620011033,37348423
115640006113,37351256
831640004594,37357326
263620011181,37358846
C49552260102,37365205
C49376730102,37371970
C49600640102,37372132
699620014570,37374968
987630107013,37378729
C49509350101,37379664
C49822730101,37385978
534640021555,37389064
502610039047,37399426
000630021390,37404264
940630061274,37404647
145630003154,37407121
655630022367,37410449
456630012791,37414540
535630011147,37415656
535630028095,37415663
821630010291,37419982
941630126567,37420822
114630017505,37421073
941630170611,37425596
203640020937,37428632
591630071928,37431467
271630085313,37436010
454630028345,37439373
543640016631,37444528
C50966100101,37445021
723630025510,37452155
392630002953,37455864
431620078386,37471921
692630029908,37472265
940630069872,37473033
391630045555,37474899
622640023173,37475183
201630050671,37480662
172630032512,37487166
276620010398,37487513
C52590340101,37489422
543640011660,37499705
655620034590,37500029
994630113395,37501542
932640033730,37501676
939640064007,37509347
642630002115,37512939
061640030300,37514181
C52130030101,37526986
815640003454,37527039
333630023341,37528920
542630021160,37533114
653620038108,37536816
939630233182,37541196
C52524640101,37542309
941630237939,37543725
987630309122,37549832
987630056734,37549886
571630070896,37549938
132630052550,37550619
695630005886,37555488
522620018296,37562833
304630069276,37569376
275630030606,37570821
987630138193,37573181
987640087339,37573580
941630032778,37585734
C53681830101,37591839
941640070968,37601930
301640034150,37604807
481630027325,37641829
C54658300101,37662063
275630035015,37665207
571630235996,37667889
276640007910,37668774
068630022951,37676468
941630128363,37683882
987630200420,37687295
944630001670,37696921
C55127850101,37698836
094630022177,37711731
541630043206,37722621
940630058616,37729126
937630079027,37729140
533640005409,37732007
371640005763,37735928
C55922000101,37738031
941640075767,37739859
371620092823,37755453
111630059058,37768728
C57291170101,37778800
017630083038,37779580
224630013450,37781517
987630356085,37789923
C57116380101,37790367
987630267920,37790549
986640002786,37792193
815630023694,37796069
541630064314,37805090
451630109546,37815540
C57604550101,37819872
363630010897,37820329
932630005097,37821185
571630270444,37825024
831630015552,37825531
C60373040101,37832000
413630023221,37837142
533640005547,37838369
573640008716,37846206
655630038679,37849936
941640031461,37851872
C58344360101,37860504
C58535410101,37865929
C58610290101,37867102
534640014941,37873388
C59297600101,37889889
065630012449,37892407
065630016042,37892466
C58928710101,37892630
611630023898,37894333
262630041609,37894652
C59164120101,37895749
941630144027,37899945
C59149800101,37901914
C59334420101,37904680
274630035634,37920062
C59746110101,37925159
C61340270101,37945294
C60311670101,37951184
C60390970101,37957788
C60769080101,37961647
C60666710101,37970938
C61613150101,37976070
C61569250101,38004224
C62908160101,38018826
C62800850101,38123269
936570069057,39903645
C06592020101,39904929
936570070324,39909699
C12106510101,39910218
936610049931,39914389
940580004853,39915075
C17458260101,39917106
940620024493,39918125
C19331930101,39920224
941570049386,39922960
939610002810,39928249
941590054480,39928368
C25560410101,39929154
C28695530101,39934424
C30583380101,39937279
931590044557,39939034
C31966620101,39939402
940620066225,39942741
C36050210101,39945902
937630056564,39948802
816610015343,39950729
939620001558,39953274
934630069361,39957250
939630140040,39958990
833630001289,39960845
939630228788,39961087
941630247725,39961284
774630451677,39965518
C52225810101,39973689
941630038844,39976617
774640070183,39977351
936640036974,39978761
774630480877,39981418
774630752669,39989959
826630012573,39995306
C58109360101,39996742
C59760340101,39999489
938560014851,45170040
774640341048,60007359
C60633230101,61001433
C60645970101,61001434
C60643320101,61001447
C60668390101,61001602
878640083606,61002007
C61054110101,61002159
C61097690101,61002250
C62419990101,61004861
C63585030101,61005979
C63603410101,61005987
C07503370101,70001148
C13059000101,70017062
936580017548,70032423
C19008530101,70034764
931580029597,70052153
931610038247,70053664
939620015462,70056737
C26136700101,70058340
C32755390101,70079704
123600015288,70102882
231640001453,70107107
C43264990101,70114674
939630124625,70122963
940640007470,70129918
C48074030101,70130814
C48190140101,70131092
940620007353,70131133
661640025457,70134597
C48947710101,70135305
C48911370101,70135954
931620071551,70140795
C50569860101,70142519
223630014835,70147196
C52324860101,70147795
C52159110101,70148211
C52239780101,70148312
823630001332,70155456
C53305350102,70156354
941640054304,70158742
932640033834,70165955
932640033835,70165956
C56594220101,70172439
931640005561,70178259
941640059034,70186607
C59122270101,70188348
C59798270101,70196136
C60073910101,70198200
C61444590101,70209912
C62495840101,70214874
C63367190101,70218279
092630036317,80019215
007550161013,80020059
007580430800,80028335
007610089058,80034186
091620047596,80068253
221590025716,80099710
007580166817,80106528
555580009920,80115701
936560062703,80116950
940640028464,80125477
935540027638,80130777
987560099670,80136633
007550113531,80137842
816620016231,80139405
813590004786,80140246
471560051650,80140847
554600012653,80141630
822600013135,80142349
937630127034,80144652
994610073344,80153247
099630010400,80154854
940630110948,80160290
842640002915,80164794
501600026972,80166433
941640096393,80167292
071570025330,80170954
940570035983,80175346
936590046518,80176344
987630270626,80177806
987620263411,80177807
092590010016,80183695
506640004915,80183931
007600070551,80184473
826630014579,80198329
987590231801,80208797
C39877210101,80224878
C40333470101,80226196
C40939280101,80227785
073630006063,80238988
939630106968,80239122
C45389950101,80239921
833630014838,80243382
571610201126,80244531
C47018830101,80244726
133630033906,80246445
C49467230101,80249736
231630055611,80252671
C54025920101,80254036
506630021632,80254560
C60159480101,80259836
C60631920101,80260322
C61430030101,80261285
C61771160101,80261669
481640024328,82029632
472590002922,82030541
007580166818,82032441
007630248144,82079370
382560006182,82085727
007640079579,82091867
007550175919,82128623
994630120478,82133994
C37818180101,82140862
401590003624,82154440
936560045696,82167530
081580055725,82174106
481630062408,82175373
555570022533,82185198
382620017402,82191955
094630003686,82203427
007580016670,82204935
940640031193,82212563
987640094097,82215325
007600118470,82219305
007570137621,82219567
940630078439,82233057
481620076469,82236042
817620003917,82248312
371620024430,82261122
940590037957,82262063
007580189412,82262298
195620005513,82266605
382630008685,82275897
471630063142,82283630
940640032120,82298913
713610004558,82301372
987640103457,82301486
304630023909,82302361
007630245005,82320986
939630169509,82322311
323600024317,82332063
C37679480101,82337872
939630100102,82344148
C38878910101,82349482
007600176196,82350653
994630126462,82353728
007630204172,82354669
C40483360101,82361106
171640001928,82368339
826640002750,82372371
007610094374,82380420
071630040888,82388726
131630113535,82396813
C45924820101,82399448
C46380310101,82401836
555630025673,82411557
C48705450101,82411928
C49182320101,82413198
391630027043,82415997
371630045325,82427486
142630063474,82429350
994630113396,82432603
C58535000101,82440204
C60722350101,82440900
C61876280101,82442716
C62784200101,86009862
C62943810101,86014832
C63296410101,86024676
C63528900101,86032202
C63643720101,86036777
C63657860101,86037509
C63664970102,86038016
391540029884,90005683
291600001062,90021797
938600014970,90033669
591640014731,90049025
131560093031,90053191
483560000600,90054205
573560006463,90056409
938600004597,90057203
099640001328,90057370
732580011064,90063972
816570014705,90067634
276580013704,90071873
821590010566,90074095
276570001722,90081997
000580024262,90085608
492610018154,90097216
654590048899,90097926
642600005770,90103318
A00051242952,90116345
701620027981,90136668
142630081462,90137369
938620010359,90151553
142640047026,90180206
142630105453,90188420
655640016073,90194823
