{
	"id": "b09996c8-8dc7-41fc-93a6-e03ad073fdd0",
	"name": "2CDC-SIT-GW-External_Saleforce",
	"values": [
		{
			"key": "Server",
			"value": "10.102.62.113",
			"enabled": true
		},
		{
			"key": "Key",
			"value": "virDHKl1ubBfRDYZA6b4Xg5r7tIa",
			"enabled": true
		},
		{
			"key": "Secret",
			"value": "g6XufxQdz5X4uiun8LbsG42HKiQa",
			"enabled": true
		},
		{
			"key": "Protocal",
			"value": "http",
			"enabled": true
		},
		{
			"key": "Port",
			"value": "8280",
			"enabled": true
		}
	],
	"_postman_variable_scope": "environment",
	"_postman_exported_at": "2021-08-18T06:01:47.545Z",
	"_postman_exported_using": "Postman/7.36.5"
}