{
	"id": "366df272-2b57-40e7-b681-e1bec48638ff",
	"name": "3CDC-UAT-GW-External-SF",
	"values": [
		{
			"key": "Server",
			"value": "10.102.62.114",
			"enabled": true
		},
		{
			"key": "Key",
			"value": "f0ivmGP5vtbbEcvHQSu797opVkIa",
			"enabled": true
		},
		{
			"key": "Secret",
			"value": "aCEUgfBcpgLbPzEC7wWDg6QRJWAa",
			"enabled": true
		},
		{
			"key": "Port",
			"value": "8280",
			"enabled": true
		},
		{
			"key": "Protocal",
			"value": "http",
			"enabled": true
		}
	],
	"_postman_variable_scope": "environment",
	"_postman_exported_at": "2021-08-18T06:01:55.079Z",
	"_postman_exported_using": "Postman/7.36.5"
}