{
	"info": {
		"_postman_id": "e138a383-ae6e-4a01-a620-3bda1b8fcd0c",
		"name": "3. Policy",
		"schema": "https://schema.getpostman.com/json/collection/v2.1.0/collection.json"
	},
	"item": [
		{
			"name": "POLICY_DB_01 [SearchPolicyByCustomerId]",
			"event": [
				{
					"listen": "test",
					"script": {
						"id": "ae49e422-96b0-4445-8c2a-5fefa10108a5",
						"exec": [
							"pm.test(\"Body matches string\", function () {",
							"    pm.expect(pm.response.text()).to.include(\"policyno\");",
							"});"
						],
						"type": "text/javascript"
					}
				}
			],
			"request": {
				"method": "POST",
				"header": [
					{
						"key": "Content-Type",
						"value": "application/json",
						"disabled": false
					},
					{
						"warning": "This is a duplicate header and will be overridden by the Authorization header generated by Postman.",
						"key": "Authorization",
						"value": "{{authorization}}",
						"type": "text"
					}
				],
				"body": {
					"mode": "raw",
					"raw": "{\n    \"headerData\": {\n        \"messageId\": \"3fe0a3c63603b7ea\",\n        \"sentDateTime\": \"12-11-2019 13:47:01\"\n    },\n    \"requestRecord\": {\n        \"customer_id\": \"3948132\"\n    }\n}"
				},
				"url": {
					"raw": "{{Server}}/PolicyDataService/SearchPolicyByCustomerId/1.0",
					"host": [
						"{{Server}}"
					],
					"path": [
						"PolicyDataService",
						"SearchPolicyByCustomerId",
						"1.0"
					]
				}
			},
			"response": []
		},
		{
			"name": "POLICY_DB_02_01 [PolicyDetailsOL]",
			"event": [
				{
					"listen": "test",
					"script": {
						"id": "40dd275c-e92b-40de-ad41-193a94290edb",
						"exec": [
							"pm.test(\"Body matches string\", function () {",
							"    pm.expect(pm.response.text()).to.include(\"firstname\",\"lastname\",\"lifepremium\");",
							"});"
						],
						"type": "text/javascript"
					}
				}
			],
			"request": {
				"method": "POST",
				"header": [
					{
						"key": "Content-Type",
						"value": "application/json"
					}
				],
				"body": {
					"mode": "raw",
					"raw": "{\n    \"headerData\": {\n        \"messageId\": \"3fe0a3c63603b7ea\",\n        \"sentDateTime\": \"12-11-2019 13:47:01\"\n    },\n    \"requestRecord\": {\n        \"policyno\": \"23187208\",\n        \"type\":\"AG-OL-TERM\"\n    }\n}"
				},
				"url": {
					"raw": "{{Server}}/PolicyDataService/PolicyDetailsOL/1.0",
					"host": [
						"{{Server}}"
					],
					"path": [
						"PolicyDataService",
						"PolicyDetailsOL",
						"1.0"
					]
				}
			},
			"response": []
		},
		{
			"name": "POLICY_DB_02_02 [PolicyDetailsCL]",
			"event": [
				{
					"listen": "test",
					"script": {
						"id": "8c72dab0-cf7b-44a2-816d-7879f8ff834b",
						"exec": [
							"pm.test(\"Body matches string\", function () {",
							"    pm.expect(pm.response.text()).to.include(\"policyholder\");",
							"});"
						],
						"type": "text/javascript"
					}
				}
			],
			"request": {
				"method": "POST",
				"header": [
					{
						"key": "Content-Type",
						"value": "application/json"
					}
				],
				"body": {
					"mode": "raw",
					"raw": "{\n    \"headerData\": {\n        \"messageId\": \"3fe0a3c63603b7ea\",\n        \"sentDateTime\": \"12-11-2019 13:47:01\"\n    },\n    \"requestRecord\": {\n        \"policyno\": \"9005\",\n        \"certno\": \"00427990\",\n        \"type\": \"AG-CL-CL\"\n    }\n}"
				},
				"url": {
					"raw": "{{Server}}/PolicyDataService/PolicyDetailsCL/1.0",
					"host": [
						"{{Server}}"
					],
					"path": [
						"PolicyDataService",
						"PolicyDetailsCL",
						"1.0"
					]
				}
			},
			"response": []
		},
		{
			"name": "POLICY_DB_02_03 [PolicyDetailsUnitLink]",
			"event": [
				{
					"listen": "test",
					"script": {
						"id": "b8e8f18d-ea42-497a-aa50-cfb653e45dca",
						"exec": [
							"pm.test(\"Body matches string\", function () {",
							"    pm.expect(pm.response.text()).to.include(\"firstname\");",
							"});"
						],
						"type": "text/javascript"
					}
				}
			],
			"request": {
				"method": "POST",
				"header": [
					{
						"key": "Content-Type",
						"value": "application/json"
					},
					{
						"key": "Authorization",
						"value": "Bearer 0d6fc9e9-db46-3ba1-961a-a7c44bc35677"
					}
				],
				"body": {
					"mode": "raw",
					"raw": "{\r\n    \"headerData\": {\r\n        \"messageId\": \"3fe0a3c63603b7ea\",\r\n        \"sentDateTime\": \"12-11-2019 13:47:01\"\r\n    },\r\n    \"requestRecord\": {\r\n        \"policyno\": \"22819046\",\r\n        \"type\" : \"AG-ULIP-ULIP\"\r\n    }\r\n}"
				},
				"url": {
					"raw": "{{Server}}/PolicyDataService/PolicyDetailsUnitLink/1.0",
					"host": [
						"{{Server}}"
					],
					"path": [
						"PolicyDataService",
						"PolicyDetailsUnitLink",
						"1.0"
					]
				}
			},
			"response": []
		},
		{
			"name": "POLICY_DB_03 [NextPayPeriod]",
			"event": [
				{
					"listen": "test",
					"script": {
						"id": "92681c32-19b6-4026-9f72-5cdb63ce5366",
						"exec": [
							"pm.test(\"Body matches string\", function () {",
							"    pm.expect(pm.response.text()).to.include(\"nextduedate\");",
							"});"
						],
						"type": "text/javascript"
					}
				}
			],
			"request": {
				"method": "POST",
				"header": [
					{
						"key": "Content-Type",
						"value": "application/json"
					},
					{
						"key": "Authorization",
						"value": "Bearer 57afe43e-49d9-3cdf-af6f-f25019529d9d"
					}
				],
				"body": {
					"mode": "raw",
					"raw": "{\n   \"headerData\": {\n       \"messageId\": \"04075100-a3d5-4f71-9bc7-13584589fc6b\",\n       \"sentDateTime\": \"02-08-2018T14:34:27.651\"\n   },\n   \"requestRecord\": {\n       \"nextPayPeriod\": [\n           {\n               \"policyno\": \"23187426\",\n               \"certno\": \"\",\n               \"type\": \"AG-OL-TERM\"\n           }\n       ]\n   }\n}"
				},
				"url": {
					"raw": "{{Server}}/PolicyDataService/NextPayPeriod/1.0",
					"host": [
						"{{Server}}"
					],
					"path": [
						"PolicyDataService",
						"NextPayPeriod",
						"1.0"
					]
				}
			},
			"response": []
		},
		{
			"name": "POLICY_DB_04 [GetLoanPremium]",
			"event": [
				{
					"listen": "test",
					"script": {
						"id": "cc53e297-934e-43de-81ba-ccb4b8d3c3ef",
						"exec": [
							"pm.test(\"Body matches string\", function () {",
							"    pm.expect(pm.response.text()).to.include(\"loanamount\");",
							"});"
						],
						"type": "text/javascript"
					}
				}
			],
			"request": {
				"method": "POST",
				"header": [
					{
						"key": "Content-Type",
						"value": "application/json"
					},
					{
						"key": "Authorization",
						"value": "Bearer 37cfc29d-4e73-3e85-937a-54f8d86c7f7a"
					}
				],
				"body": {
					"mode": "raw",
					"raw": "{\n  \"headerData\": {\n      \"messageId\": \"3fe0a3c63603b7ea\",\n      \"sentDateTime\": \"03-11-2017 09:08:18\",\n      \"responseDateTime\": \"\"\n  },\n  \"requestRecord\": {\n      \"policyno\": \"25108721\",\n      \"certNo\": \"\",\n      \"type\": \"AG-OL-TERM\"\n  }\n}"
				},
				"url": {
					"raw": "{{Server}}/PolicyDataService/GetLoanPremium/1.0",
					"host": [
						"{{Server}}"
					],
					"path": [
						"PolicyDataService",
						"GetLoanPremium",
						"1.0"
					]
				}
			},
			"response": []
		},
		{
			"name": "POLICY_DB_05 [GetRiderDetial]",
			"event": [
				{
					"listen": "test",
					"script": {
						"id": "c3747b5c-3717-4bbf-b7a7-394157cf37da",
						"exec": [
							"pm.test(\"Body matches string\", function () {",
							"    pm.expect(pm.response.text()).to.include(\"ridername\");",
							"});"
						],
						"type": "text/javascript"
					}
				}
			],
			"request": {
				"method": "POST",
				"header": [
					{
						"key": "Content-Type",
						"value": "application/json",
						"disabled": false
					},
					{
						"key": "Authorization",
						"value": "Bearer 01f02b20-9661-387a-b1b1-638c09df5604",
						"disabled": false
					}
				],
				"body": {
					"mode": "raw",
					"raw": "{\n    \"headerData\": {\n        \"messageId\": \"3fe0a3c63603b7ea\",\n        \"sentDateTime\": \"03-11-2017 09:08:18\",\n        \"responseDateTime\": \"\"\n        },\n     \"requestRecord\": {\n             \"policyno\":\"21477795\",\n             \"certno\":\"\",\n             \"type\":\"AG-OL-ENDOWNMENT\"\n     }\n}"
				},
				"url": {
					"raw": "{{Server}}/PolicyDataService/GetRiderDetial/1.0",
					"host": [
						"{{Server}}"
					],
					"path": [
						"PolicyDataService",
						"GetRiderDetial",
						"1.0"
					]
				}
			},
			"response": []
		},
		{
			"name": "POLICY_DB_06 [GetSaleInfo]",
			"event": [
				{
					"listen": "test",
					"script": {
						"id": "9d9487bf-7a8b-499d-9fb0-8747c014de58",
						"exec": [
							"pm.test(\"Body matches string\", function () {",
							"    pm.expect(pm.response.text()).to.include(\"licenseno\");",
							"});"
						],
						"type": "text/javascript"
					}
				}
			],
			"request": {
				"method": "POST",
				"header": [
					{
						"key": "Content-Type",
						"value": "application/json"
					},
					{
						"key": "Authorization",
						"value": "Bearer d255f1e5-bfba-3746-844d-d8c1a79e18bb"
					}
				],
				"body": {
					"mode": "raw",
					"raw": "{\n    \"headerData\": {\n        \"messageId\": \"3fe0a3c63603b7ea\",\n        \"sentDateTime\": \"15-11-2019 15:40:40\"\n    },\n    \"requestRecord\": {\n        \"policyno\": \"23087024\",\n        \"type\":\"AG-OL-OL\"\n    }\n}"
				},
				"url": {
					"raw": "{{Server}}/PolicyDataService/GetSaleInfo/1.0",
					"host": [
						"{{Server}}"
					],
					"path": [
						"PolicyDataService",
						"GetSaleInfo",
						"1.0"
					]
				}
			},
			"response": []
		},
		{
			"name": "POLICY_DB_07 [GetDividendInfo]",
			"event": [
				{
					"listen": "test",
					"script": {
						"id": "f643c3e4-1323-4166-8cc9-13d596ab2586",
						"exec": [
							"pm.test(\"Body matches string\", function () {",
							"    pm.expect(pm.response.text()).to.include(\"benefit_premium\");",
							"});"
						],
						"type": "text/javascript"
					}
				}
			],
			"request": {
				"auth": {
					"type": "oauth2",
					"oauth2": [
						{
							"key": "accessToken",
							"value": "ad05a30a-181d-3687-a995-de310ad13be8",
							"type": "string"
						},
						{
							"key": "tokenType",
							"value": "Bearer",
							"type": "string"
						},
						{
							"key": "addTokenTo",
							"value": "header",
							"type": "string"
						}
					]
				},
				"method": "POST",
				"header": [
					{
						"key": "Content-Type",
						"value": "application/json"
					},
					{
						"key": "Authorization",
						"value": "Bearer 01f02b20-9661-387a-b1b1-638c09df5604"
					}
				],
				"body": {
					"mode": "raw",
					"raw": "{\n   \"headerData\": {\n       \"messageId\": \"3fe0a3c63603b7ea\",\n       \"sentDateTime\": \"03-11-2017 09:08:18\",\n       \"responseDateTime\": \"\"\n       },\n    \"requestRecord\": {\n            \"policyno\":\"09605197\",\n            \"certno\":\"\",\n            \"type\":\"AG-OL-ENDOWNMENT\"\n    }\n}"
				},
				"url": {
					"raw": "{{Server}}/PolicyDataService/GetDividendInfo/1.0",
					"host": [
						"{{Server}}"
					],
					"path": [
						"PolicyDataService",
						"GetDividendInfo",
						"1.0"
					]
				}
			},
			"response": []
		},
		{
			"name": "POLICY_DB_10 [GetBeneficiaryInfo]",
			"event": [
				{
					"listen": "test",
					"script": {
						"id": "72a22bf0-cdd6-4afd-84cb-46a19244229e",
						"exec": [
							"pm.test(\"Body matches string\", function () {",
							"    pm.expect(pm.response.text()).to.include(\"firstname\");",
							"});"
						],
						"type": "text/javascript"
					}
				}
			],
			"request": {
				"method": "POST",
				"header": [
					{
						"key": "Content-Type",
						"value": "application/json"
					},
					{
						"key": "Authorization",
						"value": "Bearer 0d6fc9e9-db46-3ba1-961a-a7c44bc35677"
					}
				],
				"body": {
					"mode": "raw",
					"raw": "{\r\n    \"headerData\": {\r\n        \"messageId\": \"3fe0a3c63603b7ea\",\r\n        \"sentDateTime\": \"14-11-2019 15:18:30\"\r\n    },\r\n    \"requestRecord\": {\r\n        \"policyno\": \"R301\",\r\n        \"certno\":\"00004740\",\r\n        \"type\":\"OTHER-CL-MORTGAGE\"\r\n    }\r\n}"
				},
				"url": {
					"raw": "{{Server}}/PolicyDataService/GetBeneficiaryInfo/1.0",
					"host": [
						"{{Server}}"
					],
					"path": [
						"PolicyDataService",
						"GetBeneficiaryInfo",
						"1.0"
					]
				}
			},
			"response": []
		},
		{
			"name": "POLICY_DB_12 [GetCoverageOverview]",
			"event": [
				{
					"listen": "test",
					"script": {
						"id": "60bfd415-a4a7-40a1-95dd-4fed2694931c",
						"exec": [
							"pm.test(\"Body matches string\", function () {",
							"    pm.expect(pm.response.text()).to.include(\"coveragename\");",
							"});"
						],
						"type": "text/javascript"
					}
				}
			],
			"request": {
				"method": "POST",
				"header": [
					{
						"key": "Content-Type",
						"value": "application/json",
						"disabled": false
					},
					{
						"key": "Authorization",
						"value": "Bearer 2137e750-62cb-331a-9a89-3d3397ee423b",
						"disabled": false
					}
				],
				"body": {
					"mode": "raw",
					"raw": "{\n    \"headerData\": {\n        \"messageId\": \"3fe0a3c63603b7ea\",\n        \"sentDateTime\": \"14-11-2019 16:19:55\"\n    },\n    \"requestRecord\": {\n        \"customer_id\": \"5718799\"\n    }\n}"
				},
				"url": {
					"raw": "{{Server}}/PolicyDataService/GetCoverageOverview/1.0",
					"host": [
						"{{Server}}"
					],
					"path": [
						"PolicyDataService",
						"GetCoverageOverview",
						"1.0"
					]
				}
			},
			"response": []
		},
		{
			"name": "POLICY_DB_11 [GetPaymentHistory]",
			"event": [
				{
					"listen": "test",
					"script": {
						"id": "919d936a-805f-49bd-a2ce-9fec9e72a01c",
						"exec": [
							"pm.test(\"Body matches string\", function () {",
							"    pm.expect(pm.response.text()).to.include(\"pay_period\");",
							"});"
						],
						"type": "text/javascript"
					}
				}
			],
			"request": {
				"auth": {
					"type": "oauth2",
					"oauth2": [
						{
							"key": "accessToken",
							"value": "0dec6248-2a01-3e61-bd45-416bbc6d278c",
							"type": "string"
						},
						{
							"key": "tokenType",
							"value": "Bearer",
							"type": "string"
						},
						{
							"key": "addTokenTo",
							"value": "header",
							"type": "string"
						}
					]
				},
				"method": "POST",
				"header": [
					{
						"key": "Content-Type",
						"value": "application/json",
						"disabled": false
					},
					{
						"key": "Authorization",
						"value": "Bearer 14730095-238b-36f5-9ad2-dc1a0b59e0c8",
						"disabled": false
					}
				],
				"body": {
					"mode": "raw",
					"raw": "{\n   \"headerData\": {\n       \"messageId\": \"3fe0a3c63603b7ea\",\n       \"sentDateTime\": \"14-11-2019 15:38:40\"\n   },\n   \"requestRecord\": {\n           \"policyno\":\"23074236\",\n             \"certno\":\"\",\n             \"type\":\"AG-OL-UL\",\n             \"effectivedate\": \"25620423\"\n   }\n}\n\n "
				},
				"url": {
					"raw": "{{Server}}/PolicyDataService/GetPaymentHistory/1.0",
					"host": [
						"{{Server}}"
					],
					"path": [
						"PolicyDataService",
						"GetPaymentHistory",
						"1.0"
					]
				}
			},
			"response": []
		},
		{
			"name": "POLICY_DB_13 [GetCurrentAVInfo]",
			"event": [
				{
					"listen": "test",
					"script": {
						"id": "ab2d7c93-3b98-4bed-840e-b2dbee23042e",
						"exec": [
							"pm.test(\"Body matches string\", function () {",
							"    pm.expect(pm.response.text()).to.include(\"navdate\");",
							"});"
						],
						"type": "text/javascript"
					}
				}
			],
			"request": {
				"method": "POST",
				"header": [
					{
						"key": "Content-Type",
						"value": "application/json"
					},
					{
						"key": "Authorization",
						"value": "Bearer ee5cd5f4-b581-3b37-8b41-cf2627b7c794"
					}
				],
				"body": {
					"mode": "raw",
					"raw": "{\n   \"headerData\": {\n       \"messageId\": \"3fe0a3c63603b7ea\",\n       \"sentDateTime\": \"03-11-2017 09:08:18\",\n       \"responseDateTime\": \"\"\n       },\n    \"requestRecord\": {\n            \"policyno\":\"22847228\",\n            \"certno\":\"\",\n            \"type\":\"AG-ULIP-ULIP\"\n    }\n}"
				},
				"url": {
					"raw": "{{Server}}/PolicyDataService/GetCurrentAVInfo/1.0",
					"host": [
						"{{Server}}"
					],
					"path": [
						"PolicyDataService",
						"GetCurrentAVInfo",
						"1.0"
					]
				}
			},
			"response": []
		},
		{
			"name": "POLICY_DB_14 [SearchConsent]",
			"event": [
				{
					"listen": "test",
					"script": {
						"id": "ee9d8b31-8207-4048-9de7-0881cc22062c",
						"exec": [
							"pm.test(\"Body matches string\", function () {",
							"    pm.expect(pm.response.text()).to.include(\"policyNo\");",
							"});"
						],
						"type": "text/javascript"
					}
				}
			],
			"request": {
				"method": "POST",
				"header": [
					{
						"key": "Content-Type",
						"value": "application/json"
					},
					{
						"key": "Authorization",
						"value": "Bearer ee5cd5f4-b581-3b37-8b41-cf2627b7c794"
					}
				],
				"body": {
					"mode": "raw",
					"raw": "{\n   \"headerData\": {\n       \"messageId\": \"3fe0a3c63603b7ea\",\n       \"sentDateTime\": \"03-11-2017 09:08:18\",\n       \"responseDateTime\": \"\"\n       },\n   \"requestRecord\": {\n       \"customer_id\": \"3710210\"\n   }\n}"
				},
				"url": {
					"raw": "{{Server}}/PolicyDataService/SearchConsent/1.0",
					"host": [
						"{{Server}}"
					],
					"path": [
						"PolicyDataService",
						"SearchConsent",
						"1.0"
					]
				}
			},
			"response": []
		},
		{
			"name": "POLICY_DB_15 [InsertConsent]",
			"event": [
				{
					"listen": "test",
					"script": {
						"id": "5a0d9e9e-e549-4594-937e-cc5e39df87f6",
						"exec": [
							"pm.test(\"Body matches string\", function () {",
							"    pm.expect(pm.response.text()).to.include(\"http://tl.thailife.com/consent/\");",
							"});"
						],
						"type": "text/javascript"
					}
				}
			],
			"request": {
				"method": "POST",
				"header": [
					{
						"key": "Content-Type",
						"value": "application/json"
					},
					{
						"key": "Authorization",
						"value": "Bearer ee5cd5f4-b581-3b37-8b41-cf2627b7c794"
					}
				],
				"body": {
					"mode": "raw",
					"raw": "{\n   \"headerData\": {\n       \"messageId\": \"3fe0a3c63603b7ea\",\n       \"sentDateTime\": \"03-11-2017 09:08:18\",\n       \"responseDateTime\": \"\"\n       },\n   \"requestRecord\": {\n       \"customer_id\": \"3710210\",\n            \"preName\": \"น.ส.\",\n            \"firstName\": \"กุXXX\",\n            \"lastName\": \"จินดาวXXX\",\n       \"policy\": [\n   {\n                \"policyNo\": \"21700934\",\n                \"certNo\": \"\",\n                \"policyType\": \"O\",\n                \"flag\": \"N\",\n                \"planName\": \"เกษมทรัพย์ (มีเงินปันผล)\"\n            },\n            {\n                \"policyNo\": \"33253234\",\n                \"certNo\": \"\",\n                \"policyType\": \"O\",\n                \"flag\": \"N\",\n                \"planName\": \"เกษมสิน (ไม่มีเงินปันผล)\"\n            },\n            {\n                \"policyNo\": \"33395429\",\n                \"certNo\": \"\",\n                \"policyType\": \"O\",\n                \"flag\": \"N\",\n                \"planName\": \"เกษมเกษียณ(มีเงินปันผล)\"\n            },\n            {\n                \"policyNo\": \"82110708\",\n                \"certNo\": \"\",\n                \"policyType\": \"O\",\n                \"flag\": \"N\",\n                \"planName\": \"พี.เอ. คลาสสิคแคร์\"\n            },\n            {\n                \"policyNo\": \"22019199\",\n                \"certNo\": \"\",\n                \"policyType\": \"O\",\n                \"flag\": \"N\",\n                \"planName\": \"คุ้มทวี5 เท่า [มีเงินปันผล]\"\n            },\n            {\n                \"policyNo\": \"34905628\",\n                \"certNo\": \"\",\n                \"policyType\": \"O\",\n                \"flag\": \"N\",\n                \"planName\": \"ทรัพย์ปันผล 1 [มีเงินปันผล]\"\n            },\n            {\n                \"policyNo\": \"22269533\",\n                \"certNo\": \"\",\n                \"policyType\": \"O\",\n                \"flag\": \"N\",\n                \"planName\": \"เกษมบำนาญ 1(มีเงินปันผล)\"\n            },\n            {\n                \"policyNo\": \"34929168\",\n                \"certNo\": \"\",\n                \"policyType\": \"O\",\n                \"flag\": \"N\",\n                \"planName\": \"ทรัพย์ปันผล 80/15\"\n            },\n            {\n                \"policyNo\": \"82239871\",\n                \"certNo\": \"\",\n                \"policyType\": \"O\",\n                \"flag\": \"N\",\n                \"planName\": \"พี.เอ. คลาสสิคแคร์\"\n            },\n            {\n                \"policyNo\": \"22391559\",\n                \"certNo\": \"\",\n                \"policyType\": \"O\",\n                \"flag\": \"N\",\n                \"planName\": \"เกษมบำนาญ 1(มีเงินปันผล)\"\n            },\n            {\n                \"policyNo\": \"22391560\",\n                \"certNo\": \"\",\n                \"policyType\": \"O\",\n                \"flag\": \"N\",\n                \"planName\": \"ทรัพย์ปันผล 1 [มีเงินปันผล]\"\n            },\n            {\n                \"policyNo\": \"22391561\",\n                \"certNo\": \"\",\n                \"policyType\": \"O\",\n                \"flag\": \"N\",\n                \"planName\": \"ทรัพย์ปันผล 1 [มีเงินปันผล]\"\n            },\n            {\n                \"policyNo\": \"22392221\",\n                \"certNo\": \"\",\n                \"policyType\": \"O\",\n                \"flag\": \"N\",\n                \"planName\": \"เกษมบำนาญ 1(มีเงินปันผล)\"\n            },\n            {\n                \"policyNo\": \"22780631\",\n                \"certNo\": \"\",\n                \"policyType\": \"O\",\n                \"flag\": \"N\",\n                \"planName\": \"คุ้มธนกิจ 99(1)\"\n            },\n            {\n                \"policyNo\": \"22804562\",\n                \"certNo\": \"\",\n                \"policyType\": \"O\",\n                \"flag\": \"N\",\n                \"planName\": \"คุ้มธนกิจ 99(N)\"\n            },\n            {\n                \"policyNo\": \"22935903\",\n                \"certNo\": \"\",\n                \"policyType\": \"O\",\n                \"flag\": \"N\",\n                \"planName\": \"ทรัพย์ปันผล 1 [มีเงินปันผล]\"\n            },\n            {\n                \"policyNo\": \"23181530\",\n                \"certNo\": \"\",\n                \"policyType\": \"U\",\n                \"flag\": \"N\",\n                \"planName\": \"ทีแอล ยูนิเวอร์แซลไลฟ์ 90/90\"\n            }\n           ]\n   }\n}"
				},
				"url": {
					"raw": "{{Server}}/PolicyDataService/InsertConsent/1.0",
					"host": [
						"{{Server}}"
					],
					"path": [
						"PolicyDataService",
						"InsertConsent",
						"1.0"
					]
				}
			},
			"response": []
		},
		{
			"name": "POLICY_DB_16 [ListPolicyDue]",
			"event": [
				{
					"listen": "test",
					"script": {
						"id": "9267629a-aa9b-4e11-a41a-f68564465775",
						"exec": [
							"pm.test(\"Body matches string\", function () {",
							"    pm.expect(pm.response.text()).to.include(\"list_of_policy\");",
							"});"
						],
						"type": "text/javascript"
					}
				}
			],
			"request": {
				"method": "POST",
				"header": [
					{
						"key": "Content-Type",
						"value": "application/json"
					},
					{
						"key": "Authorization",
						"value": "Bearer ee5cd5f4-b581-3b37-8b41-cf2627b7c794"
					}
				],
				"body": {
					"mode": "raw",
					"raw": "{\n    \"headerData\": {\n        \"messageId\": \"3fe0a3c63603b7ea\",\n        \"sentDateTime\": \"12-11-2019 13:47:01\"\n    },\n    \"requestRecord\": {\n        \"customer_id\": \"1655233\"\n    }\n}"
				},
				"url": {
					"raw": "{{Server}}/PolicyDataService/GetPolicyDueDate/1.0",
					"host": [
						"{{Server}}"
					],
					"path": [
						"PolicyDataService",
						"GetPolicyDueDate",
						"1.0"
					]
				}
			},
			"response": []
		}
	],
	"auth": {
		"type": "oauth2",
		"oauth2": [
			{
				"key": "accessToken",
				"value": "ceb300b8-3c1f-32f8-b520-cebd7961057b",
				"type": "string"
			},
			{
				"key": "tokenType",
				"value": "Bearer",
				"type": "string"
			},
			{
				"key": "addTokenTo",
				"value": "header",
				"type": "string"
			}
		]
	},
	"event": [
		{
			"listen": "prerequest",
			"script": {
				"id": "a4f51141-4b6c-4ad1-b042-ea4b294b72f5",
				"type": "text/javascript",
				"exec": [
					""
				]
			}
		},
		{
			"listen": "test",
			"script": {
				"id": "733e043e-7cff-4277-803a-bb97e1612583",
				"type": "text/javascript",
				"exec": [
					""
				]
			}
		}
	],
	"protocolProfileBehavior": {}
}