quotationno,customerid,agentid
19210137NJ20190514171050,57143863-d8cd-422b-bfc7-7e2c9dbe688b,19210137
41122691SQ20181005213453,6694c67a-5412-0ec6-f21a-1a1a081c54ab,0000009863
0000000344EN3920190605155237,8288ec9c-4b19-83be-9778-4a8fae609659,0000000344
37131355SQ20181012151847,626c27d2-9bd8-f13d-9dad-3124feaba017,0000658348
0000019704UZA20190522161207,334139a6-e628-4e2a-9814-6a09496e0bf8,0000019704
72222023AI5520180913210601,cba4f787-ae09-d729-48c0-61b6ba345c18,0000649109
0000000344EN4020190605155633,96b75f2c-498c-dea9-f286-76ebeeb6ca4c,0000000344
30413584SQ20181012151857,3bd376d0-dfd0-6b52-a6a3-62773e95d137,0000489653
0000000344EN4020190605160150,01a617f6-b50c-3c3d-abeb-87b86f7d9b2a,0000000344
30413584SQ20181204140304,b68d8898-c2bf-b970-465e-424be2defa0b,0000489653
0000020448UEA20191027190301,864b4951-e76b-84b9-e3fc-99c85e6b5afe,0000020448
17212658AI5520180914200620,6e7915a9-aa6e-ac9c-924a-6c394ad60a2a,0000631481
0000000344ZS20190605160632,90c71930-1159-ee93-c75d-882187b1627f,0000000344
99439631AI5520180914200412,0c9543b3-affe-a541-a5e4-caddd1377482,0000155726
0000000344ZS20190605161518,90c71930-1159-ee93-c75d-882187b1627f,0000000344
67411852SQ20181004192912,c1e40e8c-b10c-72c8-6029-d1f938cfa3ae,0000626786
0000573996EQ20190515104546,a2b1ac50-bdc2-4eb0-93bc-e416a0820125,0000573996
99439631SQ20181004193014,0c9543b3-affe-a541-a5e4-caddd1377482,0000155726
00100045EQ20181022185243,1ac8810f-e64a-22f7-b9d8-f468f8f9884f,0000000001
72127795SQ20181005213920,4b96d4b4-7f53-3b4e-df36-8d9851f4a086,0000016764
0000573996EQ20190515105511,a2b1ac50-bdc2-4eb0-93bc-e416a0820125,0000573996
98794926SQ20181004193017,ff3f9fff-26be-dd76-63fe-d7850da81e5d,0000639175
00100045EE20181102114553,1ac8810f-e64a-22f7-b9d8-f468f8f9884f,0000000001
41115019SQ20181216002536,179b2693-da67-47f0-2cc7-d5e8d6a177d4,0000093842
0000004522WV9920190522160851,584830c1-c29a-420b-9cbd-45afcc131283,0000004522
17212658SQ20181024114801,46a64293-6861-14c3-9ecb-3ba1d7b4db11,0000631481
0000591523EL20190613095122,114e30ce-29e1-4261-b4cf-168210b42483,0000591523
63210437SQ20181004195916,34c6ef8a-b5e0-1020-28e3-106e701f2c9d,0000014709
0000591523EL20190613095812,114e30ce-29e1-4261-b4cf-168210b42483,0000591523
99825193SQ20181002194455,579138f7-5640-c9a7-d53d-ccdef77cac8f,0000694868
0000001321PL20190531093025,8561b49c-66ff-4712-8c93-e82f3d5aa0ae,0000001321
72133509SQ20181004201947,5ea43c76-dd28-54a9-6bee-5e90f37e8347,0000550654
0000557777EF20190613113016,1e1a6671-411e-45a0-b11f-5d187f2652e3,0000557777
65514393SQ20181004202412,46be447f-400a-4085-17af-ad77d6e8cb59,0000632628
0000019704UEA20190522161807,334139a6-e628-4e2a-9814-6a09496e0bf8,0000019704
32113383SQ20181004202358,63daf762-3bcc-0645-b89e-1f6604ad06a1,0000626671
0000001321EE20190531093604,6bb8aaaf-a8fa-4b71-90f1-eb9c38aced02,0000001321
30413584SQ20181102193700,b68d8898-c2bf-b970-465e-424be2defa0b,0000489653
0000004522TE1220190617133602,fa11a112-49df-d583-5f23-e96e1756f66f,0000004522
99459969SQ20181004204622,7f2ab596-94e7-23bb-535f-6d3501f73550,0000641289
0000000389AC20190617133646,4227e3e9-471c-4bb7-9d67-cdd4607f4bbf,0000000389
53512172SQ20181004205016,56b49557-773f-f0eb-6ca7-ae9a06bd75fb,0000012552
0000694868EE20190617133739,fe2c9135-9ebd-4f10-a640-89a4fb42ad41,0000694868
29312278SQ20181006145602,f42716ea-f72c-00e2-fe31-cd04c21d8dea,0000657361
0000557777WN220190606141831,bc1b365c-ca5f-47c0-8ee0-44979d33c9d1,0000557777
01766015SQ20181011163327,601524e2-9f0f-937e-57ed-ea083c3030f3,0000531315
0000019704UWA20190522162030,334139a6-e628-4e2a-9814-6a09496e0bf8,0000019704
70110373SQ20181004210745,b66cd9bf-0fd5-79f1-5674-1e9e0b4783a4,0000016407
0000000389EG20190628114212,4227e3e9-471c-4bb7-9d67-cdd4607f4bbf,0000000389
65425329AI5520180915100357,edfd95e6-6fc5-61ac-633e-bdc4a8616755,0000015545
0000000819UA0120190628113831,9af8add8-affa-4129-9b30-34e175ef4d98,0000000819
19210137EQ20181112172833,c5404fae-8ef1-b7a5-96ef-26cbeee3f0ab,0000005664
0000000819UZA20190628113901,9af8add8-affa-4129-9b30-34e175ef4d98,0000000819
59117090SQ20181004193645,07935152-f9fc-9d50-4d9c-7cfb829fcf47,0000560498
0000000819SK20190628125254,adc2f9b4-a323-fad9-7ad3-e185377adb21,0000000819
63210437SQ20181005213302,34c6ef8a-b5e0-1020-28e3-106e701f2c9d,0000014709
0000001321NB20190531152342,9f07073e-662e-43ea-88b8-e49a8330548c,0000001321
01766015SQ20181009200633,601524e2-9f0f-937e-57ed-ea083c3030f3,0000531315
0000004724UEA20190522165717,18fbd023-aae6-429d-813c-e0e16f012ad9,0000004724
70112469SQ20181222042220,e367ba0c-a7c2-d730-9e0b-dc39c6663ab5,0000016423
0000000162UEA20190628150347,5a055dc3-9b7c-44e0-ac71-bce0b14dcd68,0000000162
01769490SQ20181006110402,7a7952ab-df97-f634-6894-0537bef0a822,0000657243
0000000389SL20190628152111,7df7dec0-67b6-45fe-b8e9-22fb64c7cf5b,0000000389
17113818SQ20181005200405,5450acc6-27e1-c3cb-8138-78ea5403b1e8,0000618092
0000001321NB20190531153001,9f07073e-662e-43ea-88b8-e49a8330548c,0000001321
99455389SQ20181005200232,9c08b04a-2de0-7129-f06f-6b1efd92c5e4,0000531336
0000004724UEA20190514173851,b7d0ae6c-0ee2-496d-901e-1f87ae658b46,0000004724
45117073SQ20181006110207,74d34b16-ff3b-550b-b7ad-099d2b9cfb56,0000516895
0000004522UA0220190628155137,fa11a112-49df-d583-5f23-e96e1756f66f,0000004522
98794926SQ20181006110222,ff3f9fff-26be-dd76-63fe-d7850da81e5d,0000639175
0000004522NX0520190628155858,fa11a112-49df-d583-5f23-e96e1756f66f,0000004522
72216837SQ20181006174131,e53b9a83-1350-0ba1-2032-4180650815de,0000016970
0000541074SN20190628155750,b5bd0844-9f2e-4810-bece-08d404be9a37,0000541074
65114676AI5520180916100341,2acd34a8-6b87-3576-3382-cfbadaef0a75,0000015036
0000001321NB20190531153838,9f07073e-662e-43ea-88b8-e49a8330548c,0000001321
20314543SQ20181005205112,98673d42-81ec-5d23-74d3-de1762459bcb,0000635982
0000694868EQ20190614115644,bccf4913-f314-4737-8b68-02122ccabb62,0000694868
65114676SQ20181005204526,2acd34a8-6b87-3576-3382-cfbadaef0a75,0000015036
0000541074EE20190628161958,6a5bc40b-819e-423c-a1e4-a61c57a3b30c,0000541074
65514393SQ20181005205106,46be447f-400a-4085-17af-ad77d6e8cb59,0000632628
0000694868EJ20190614120028,7a303c93-b456-419b-be31-cd76b256c45d,0000694868
20411501SQ20181006175048,4185a1d0-7fad-1a2d-a6eb-855a2feee2a5,0000071407
0000541074EE20190628162021,6a5bc40b-819e-423c-a1e4-a61c57a3b30c,0000541074
01769186SQ20181005205139,b7a59074-d057-6c72-f16b-c6e6074d5182,0000651735
0000557777AG5020190531154701,1fb46e0d-eb5b-4e98-8c56-67f82d9e1911,0000557777
99444004SQ20181005211228,ca647035-a06e-5f95-8d35-971deb15b2f3,0000156082
0000001321NB20190531155545,9f07073e-662e-43ea-88b8-e49a8330548c,0000001321
66215147SQ20181006174857,fc2f18d9-5370-8f86-f4c7-e90d287ee476,0000591982
0000557777AG5020190531155607,1fb46e0d-eb5b-4e98-8c56-67f82d9e1911,0000557777
65514720SQ20181005211750,b5deebe4-e07f-7067-09a8-1531bb129b94,0000637425
0000004724UZA20190514174113,e340a0b6-8145-d47f-c7da-2946dd708c4e,0000004724
01766015SQ20181005213453,601524e2-9f0f-937e-57ed-ea083c3030f3,0000531315
0000000819NB20190628175333,61140710-6510-4ce8-81b7-34bb64d92d64,0000000819
32113383AI5520180916100603,63daf762-3bcc-0645-b89e-1f6604ad06a1,0000626671
0000591523EF20190702144129,e24f86ce-2ef6-4075-9506-9233697132ea,0000591523
70112469SQ20181005213843,d43d9fff-1996-f960-2b21-7a496fec2391,0000016423
0000001321NB20190531155830,9f07073e-662e-43ea-88b8-e49a8330548c,0000001321
45417111SQ20181006110410,903546f3-4626-cb2f-69b7-148336c5025b,0000501190
12116858EE20190510172430,78d51f86-10b8-437e-a0bb-bc501b051c67,0000591523
59117090SQ20181006110406,07935152-f9fc-9d50-4d9c-7cfb829fcf47,0000560498
0000704375UEA20190514174006,3d529902-8622-58b6-1ed0-1dff6e12e124,0000704375
49411083SQ20181006110402,b0daa42c-dfc8-1915-a06b-726cb77d0ad3,0000102824
0000000389WN220190805092454,0ae71158-6d42-4cac-8d73-f902cb112d99,0000000389
65514393SQ20181006110819,46be447f-400a-4085-17af-ad77d6e8cb59,0000632628
0000000389WN220190805093317,72a9aa32-9c89-46b1-a86e-6abce7dedd11,0000000389
13111689SQ20181006112828,0e5e0dbe-a17e-313a-ab83-0e7c0cb8cb6f,0000004487
0000000389UA0220190722114421,22870b34-b364-4f88-a4f1-f94d0a7fecf5,0000000389
13211213SQ20181006110210,c94315bd-1517-93b8-70e2-5d26a1f308fe,0000063555
0000000389WN220190805093609,0ae71158-6d42-4cac-8d73-f902cb112d99,0000000389
25210680SQ20181006113439,82c64d9e-1bea-2af6-a4c4-b277cdc11958,0000078417
0000000389WN220190805094608,0ae71158-6d42-4cac-8d73-f902cb112d99,0000000389
00763309EQ20190121085344,7397aab5-74b9-47d7-9ab7-32afb524a6b4,0000000344
0000000389WN220190805095603,0ae71158-6d42-4cac-8d73-f902cb112d99,0000000389
17113818SQ20181006120016,5450acc6-27e1-c3cb-8138-78ea5403b1e8,0000618092
0000591523PM20190703095520,b9f11f84-0333-46d6-889c-e949426d4d1f,0000591523
41122691SQ20181006120055,6694c67a-5412-0ec6-f21a-1a1a081c54ab,0000009863
0000000389UA0220190805144853,0ae71158-6d42-4cac-8d73-f902cb112d99,0000000389
01769186SQ20181006110213,b7a59074-d057-6c72-f16b-c6e6074d5182,0000651735
0000000389AH5520190805160415,8ac15fd4-8f4b-4ea6-b512-4ba8bfd79586,0000000389
45417111SQ20181006121545,903546f3-4626-cb2f-69b7-148336c5025b,0000501190
0000000389SM20190805160738,8ac15fd4-8f4b-4ea6-b512-4ba8bfd79586,0000000389
09912706SQ20181006122222,093dd0b2-3976-e424-78d5-24889351b70c,0000003868
0000704375UZA20190514174119,3d529902-8622-58b6-1ed0-1dff6e12e124,0000704375
63315024SQ20181004193457,c488c2f1-fd0d-5d79-bbd9-39fba3a6ec05,0000550124
0000632152TF220190805173347,e052b846-8865-47b5-9624-827fee61f2be,0000632152
67411852SQ20181006110416,c1e40e8c-b10c-72c8-6029-d1f938cfa3ae,0000626786
0000000389NB20190730084203,7df7dec0-67b6-45fe-b8e9-22fb64c7cf5b,0000000389
90404559SQ20181005213305,b1c3af5f-06ce-fd86-a6ce-ef42cf596317,0000630237
0000591523WN220190704114944,c1eb98db-a906-43e2-b020-2e5667c9b1d0,0000591523
70111756SQ20181006124206,3d83fe5c-d5f8-e6cc-5520-6673804b123e,0000135063
0000557777AG5020190531155848,1fb46e0d-eb5b-4e98-8c56-67f82d9e1911,0000557777
66215147SQ20181009200648,fc2f18d9-5370-8f86-f4c7-e90d287ee476,0000591982
0000591523UWA20190704135521,b751c8a3-2bf9-44a7-a26f-da830568de6e,0000591523
65517066SQ20181006124406,5e15a2ea-c8a4-ce46-8fa4-015662da0306,0000712943
0000000389TT1520190806170353,63bad91a-ba5d-4711-ac0d-1cfff6597809,0000000389
04126988SQ20181012162414,9863cdb0-492a-a126-cd51-b44d0d4f73d8,0000636549
0000591523UWA20190704135659,b751c8a3-2bf9-44a7-a26f-da830568de6e,0000591523
70112469SQ20181006124932,d43d9fff-1996-f960-2b21-7a496fec2391,0000016423
0000591523EF20190807181806,183d793d-771e-4cad-8897-df82f18957ed,0000591523
72613247SQ20181006110229,9cd90667-a1d0-cbd4-aadf-a70b36c06f4f,0000139405
0000591523UA0220190704161636,c71b6bb8-a2f1-44ce-99d4-5fb1a68bcc0c,0000591523
99454304SQ20181006130730,b0e63c1c-4e60-81d4-ae8e-e2267d5cc925,0000508244
0000000389FE2520190726174955,3a0cc698-554f-9aa3-6bfa-2419cc6f8332,0000000389
53223474AI5520180917195041,84719b3d-47b1-d087-ab4d-f9e7df70ed18,0000490263
0000591523UA0220190704161740,c71b6bb8-a2f1-44ce-99d4-5fb1a68bcc0c,0000591523
09414729SQ20181006154209,a7afd10e-57ca-1c2d-d73b-8fe07216ff69,0000269867
0000000389FE2520190726175147,3a0cc698-554f-9aa3-6bfa-2419cc6f8332,0000000389
07415757SQ20181006134248,2fa34e74-965f-7201-b08c-77b266dea6ee,0000632550
0000000389FE2520190726175038,3a0cc698-554f-9aa3-6bfa-2419cc6f8332,0000000389
21911086SQ20181006154218,6bed5119-c824-9a2f-04ea-66f11093652f,0000573403
0000156136SH20190705184120,d0e43856-dea5-954f-a1cd-0f792056c036,0000156136
39125187SQ20181006162532,b62d115f-8566-e96e-b0a6-0640575fb92b,0000557777
0000001321NB20190531160629,9f07073e-662e-43ea-88b8-e49a8330548c,0000001321
57303253SQ20181006162424,df8be354-ab5b-e850-c3ad-c17168e4d949,0000648734
0000591523UEA20190809111416,c25dc816-c38d-4ed2-a916-e8a16b88e915,0000591523
16211601SQ20181006110246,5e5f5c5c-a142-e9cd-bf16-b17e2a5a5ae5,0000640045
0000005680UWA20190730131734,7ab37047-2ac0-4c0f-b1d9-c749d0ff8240,0000005680
63314777AI5520180917201439,fa64ace1-01b4-efda-ad1a-54354e2cb588,0000195464
0000000344EQ20190612142417,1d22f7f2-f1d1-40d2-91a6-cab55e4290c8,0000000344
45417111AI5520180917201432,903546f3-4626-cb2f-69b7-148336c5025b,0000501190
0000000389SK20190717105143,320092a4-ab3f-4d0d-af37-659380bde208,0000000389
45318698MC20181009195343,3ed2017f-f27a-fa34-6401-e41436b2d56b,0000589638
0000005664SK20190612142406,b5a4835b-d79b-4d9e-8b35-36344c514f0b,0000005664
69127562AI5520180917201305,56183e70-3349-195c-7ae7-f6b697bbaf73,0000164149
0000000389SK20190813180340,e31efba6-66fd-aa51-1756-a42266720565,0000000389
01769050SQ20181006110310,3115d6d9-8128-e3c9-9d12-db083666b6fb,0000215130
0000632152EN0120190717170828,51e5294f-fab0-4836-9e4c-2c4b7a54b106,0000632152
72315457SQ20181006110258,ae011694-6542-5f22-39bb-0e9976f201dc,0000499968
0000000819UA0220190612142403,77ada861-5cd7-5ff9-d2f9-8d8cb4dd689c,0000000819
41122691SQ20181006110222,6694c67a-5412-0ec6-f21a-1a1a081c54ab,0000009863
0000004522UA0120190612142400,acbef168-68bc-4ee0-95ab-51dd00ffd079,0000004522
57303253SQ20181026125554,63bd5f93-9229-111d-43c5-2dbbc6e1db0d,0000648734
0000000344PK20190612165405,1d22f7f2-f1d1-40d2-91a6-cab55e4290c8,0000000344
06213059SQ20181002194724,b92670cd-31e8-7593-92bb-4544d5aea084,0000002767
0000557777EN4120190612165949,108f69ce-b519-44bf-9364-98a615a2683e,0000557777
14236741SQ20181011134725,73c9f910-515b-2098-6790-f6ee2975f7ba,0000508962
0000000819UEA20190604155606,77ada861-5cd7-5ff9-d2f9-8d8cb4dd689c,0000000819
72315457SQ20181002194711,ae011694-6542-5f22-39bb-0e9976f201dc,0000499968
0000004724UWA20190522165224,b7d0ae6c-0ee2-496d-901e-1f87ae658b46,0000004724
01769490SQ20181011163327,7a7952ab-df97-f634-6894-0537bef0a822,0000657243
0000004724UWA20190522165424,b7d0ae6c-0ee2-496d-901e-1f87ae658b46,0000004724
59117090SQ20181028103153,e31496bc-84a9-306c-f0b1-7e4cf6443211,0000560498
0000000389SM20190821184003,3f50cd11-974e-4fed-9595-7827384b344e,0000000389
70119615SQ20181011163323,762c7ff2-97a9-f41f-31e9-e9ed16bc07e7,0000632488
0000000389EG20190823100419,b144e147-464c-48ca-b3f7-bc33af056e9e,0000000389
04126360SQ20181006110215,01a4589d-73e6-bd28-103f-31d0d369d784,0000624345
0000631335UEA20190823103429,2750c90a-2343-24c6-39c8-e40c89a40ff4,0000631335
65514720SQ20181006110951,b5deebe4-e07f-7067-09a8-1531bb129b94,0000637425
0000000389EW20190823142749,b144e147-464c-48ca-b3f7-bc33af056e9e,0000000389
72127795SQ20181006110842,4b96d4b4-7f53-3b4e-df36-8d9851f4a086,0000016764
0000000389AS9920190827205319,b144e147-464c-48ca-b3f7-bc33af056e9e,0000000389
90282854SQ20181006110749,2fc93dbf-ef6d-9d20-5be8-804ceebdc159,0000534994
0000004724EQ20191025173519,e232b476-f463-4f96-bf84-34f97e50b0c9,0000004724
69127562SQ20181006110743,56183e70-3349-195c-7ae7-f6b697bbaf73,0000164149
0000000214EQ20191025173626,d0d39be4-9af6-4e0a-908c-6933064a70d7,0000000214
21911086SQ20181006110854,6bed5119-c824-9a2f-04ea-66f11093652f,0000573403
0000005680UA0220191025173509,f87b5371-673e-4a74-b93f-0ead47db9fb5,0000005680
27222188SQ20181006110810,28bac6f5-67e2-6ace-51e3-114f5a81c05c,0000505071
0000736828EN3920190830152433,3e8dc491-a41c-4045-be04-c596ac5adafa,0000736828
63315024SQ20181006162813,c488c2f1-fd0d-5d79-bbd9-39fba3a6ec05,0000550124
0000631335UA0120190830155549,3a213257-383f-b868-5db2-5a8b073548ee,0000631335
65114676SQ20181006110803,2acd34a8-6b87-3576-3382-cfbadaef0a75,0000015036
0000004522UEA20190604162838,fa11a112-49df-d583-5f23-e96e1756f66f,0000004522
65514393SQ20181006162746,46be447f-400a-4085-17af-ad77d6e8cb59,0000632628
0000004724UWA20190522170244,61d0a6a2-d36d-4947-99df-0b3e501b1397,0000004724
21911086SQ20181006162747,6bed5119-c824-9a2f-04ea-66f11093652f,0000573403
0000000389EF20190903175849,b144e147-464c-48ca-b3f7-bc33af056e9e,0000000389
32113383SQ20181006111001,63daf762-3bcc-0645-b89e-1f6604ad06a1,0000626671
0000573996FE2020190906150638,03ef7a87-8a74-4c10-a151-3275fd2fa934,0000573996
72133868SQ20181006110806,01a56fd2-449e-368f-20c3-4d586f405261,0000564143
0000591523AE20190908105403,bcb02988-ab8e-4bd6-8973-def72e0eaf66,0000591523
72133509SQ20181006110940,5ea43c76-dd28-54a9-6bee-5e90f37e8347,0000550654
0000000162UA0220190919114416,b41acc70-d018-4efa-9af5-32efc795d3a4,0000000162
70303425SQ20181017141516,208272c8-3250-6628-bcbb-3e5294580617,0000331037
0000000162UWA20190919143904,7d2d6e72-ef7f-4da3-88a9-de2ddaac580b,0000000162
32113383AI5520180913210627,63daf762-3bcc-0645-b89e-1f6604ad06a1,0000626671
0000000162UEA20190930113350,7d2d6e72-ef7f-4da3-88a9-de2ddaac580b,0000000162
09700550AI5520180913210531,4cf075b1-0301-560d-b8b1-2cb897ae7664,0000632152
0000000162SN20190930161806,7484af77-ec85-47d7-9919-26810c41608e,0000000162
21123863SQ20181006110858,d9518b89-8726-6ccf-af1c-3e1d8e1436f5,0000221584
0000000162SN20190930161847,7484af77-ec85-47d7-9919-26810c41608e,0000000162
63314777SQ20181002204719,fa64ace1-01b4-efda-ad1a-54354e2cb588,0000195464
0000000389SL20191001075059,b144e147-464c-48ca-b3f7-bc33af056e9e,0000000389
65114676SQ20181002202520,2acd34a8-6b87-3576-3382-cfbadaef0a75,0000015036
0000000389AS8520191001090003,b144e147-464c-48ca-b3f7-bc33af056e9e,0000000389
41115019SQ20181006110858,6b927696-d712-3b10-3082-3464d410d3af,0000093842
0000000389NA20191001101618,b144e147-464c-48ca-b3f7-bc33af056e9e,0000000389
13111689SQ20181002202723,0e5e0dbe-a17e-313a-ab83-0e7c0cb8cb6f,0000004487
0000000389EG20191005000800,b144e147-464c-48ca-b3f7-bc33af056e9e,0000000389
65517066SQ20181025172422,d79ab8e2-c764-2ba7-4d76-391e86fc077c,0000712943
0000000389FD1520191008115834,7e892213-64ba-4d61-a1a4-6347de807ff9,0000000389
65517066SQ20181006112834,5e15a2ea-c8a4-ce46-8fa4-015662da0306,0000712943
0000017639UA0220191011145520,a9b74445-1c12-6ae8-ccbd-215d34f51cd6,0000017639
45313936SQ20181006112840,9a0d114c-e8a2-86c7-394c-1e7b403e919c,0000098610
0000541074EL20191013143118,e82fbb96-42be-a127-5190-8a774c3cd5b9,0000541074
47118487SQ20181006112828,eab63187-9f83-efd9-06fa-c4f14c53efee,0000610627
0000000389TE1420191015111525,1d47f1fe-df6a-4e46-a42d-92c05685b3ea,0000000389
72314278SQ20181006113025,d64bda85-ea8b-1526-0c87-7622f266fa5f,0000017082
0000000389TT0520191015113416,1c189869-1c39-49cf-a547-1d008c661db0,0000000389
47117907SQ20181006112820,7bea8ef4-5c88-8580-9647-ea9db7041aec,0000188924
0000000389TT0720191015113916,1c189869-1c39-49cf-a547-1d008c661db0,0000000389
16211601SQ20181006113016,5e5f5c5c-a142-e9cd-bf16-b17e2a5a5ae5,0000640045
0000000389TT1020191015114137,1c189869-1c39-49cf-a547-1d008c661db0,0000000389
01769050SQ20181006112828,3115d6d9-8128-e3c9-9d12-db083666b6fb,0000215130
0000000389TT1520191015114348,1c189869-1c39-49cf-a547-1d008c661db0,0000000389
66215147SQ20181006162436,fc2f18d9-5370-8f86-f4c7-e90d287ee476,0000591982
0000000389TE1220191015114549,1c189869-1c39-49cf-a547-1d008c661db0,0000000389
70110373SQ20181006112846,b66cd9bf-0fd5-79f1-5674-1e9e0b4783a4,0000016407
0000000389TE1320191015114951,74fd784c-aaf6-422b-b116-9262038df9f7,0000000389
39125187SQ20181006143138,b62d115f-8566-e96e-b0a6-0640575fb92b,0000557777
0000000389TE1420191015115158,74fd784c-aaf6-422b-b116-9262038df9f7,0000000389
49411083AI5520180914200419,b0daa42c-dfc8-1915-a06b-726cb77d0ad3,0000102824
0000000389TE1220191015143950,fed16da4-f859-44f1-8bf2-882ad4a2bbbe,0000000389
01728228SQ20181006112921,86fa52a3-268e-7d05-d31e-b58770aa6f32,0000001321
0000000389TE1320191015144403,bb62cc44-72f0-4da1-99a7-4e3c7f58c36a,0000000389
24411288EQ20181112160050,948555d8-3ac5-74e4-fd78-2e652849fcb6,0000006868
0000000389TE1420191015144542,bb62cc44-72f0-4da1-99a7-4e3c7f58c36a,0000000389
72127795SQ20181018100415,f06b9e9b-570f-b4b3-6b65-2dc04f2057d2,0000016764
0000000389TT0520191015144716,bb62cc44-72f0-4da1-99a7-4e3c7f58c36a,0000000389
70112469SQ20181006113616,d43d9fff-1996-f960-2b21-7a496fec2391,0000016423
0000000162UZA20191016100125,72d97e09-a87a-43fc-b32c-cd76a961d19f,0000000162
69127562SQ20181006113552,56183e70-3349-195c-7ae7-f6b697bbaf73,0000164149
0000000162MG20191022161912,aa2725b7-2844-4cf6-ac83-0183bd8904a0,0000000162
72216837SQ20181004193646,e53b9a83-1350-0ba1-2032-4180650815de,0000016970
0000005680EQ20191025093952,7bc22fdd-7f5b-48c4-a514-169003d458d4,0000005680
80032445SQ20181004202424,c6e70be3-ba6c-2717-f1e9-4b961a7611fd,0000017627
0000005680EQ20191025094111,7bc22fdd-7f5b-48c4-a514-169003d458d4,0000005680
13801364SQ20181026125424,1c5d80ae-c2d4-8698-1934-88a5eeb3c888,0000628055
0000005680EQ20191025094524,7bc22fdd-7f5b-48c4-a514-169003d458d4,0000005680
98794926SQ20181006175052,ff3f9fff-26be-dd76-63fe-d7850da81e5d,0000639175
0000004522EQ20191025094949,7679d9b8-94f9-4f13-8a28-7343ed4f0dca,0000004522
37131355SQ20181005213303,626c27d2-9bd8-f13d-9dad-3124feaba017,0000658348
0000005680EQ20191025095226,7bc22fdd-7f5b-48c4-a514-169003d458d4,0000005680
14236741SQ20181006113424,73c9f910-515b-2098-6790-f6ee2975f7ba,0000508962
0000004522EQ20191025095412,7679d9b8-94f9-4f13-8a28-7343ed4f0dca,0000004522
20213714SQ20181006122226,2fb31311-250c-4810-e193-c5a52b2e9979,0000005826
0000004522EQ20191025095542,6f7db848-d74d-476f-9715-46dd3c158460,0000004522
65114676SQ20181006112839,2acd34a8-6b87-3576-3382-cfbadaef0a75,0000015036
0000541074EQ20191025115457,35bf3cd1-0272-450d-bd50-57cb572a247c,0000541074
72613247SQ20181009200839,9cd90667-a1d0-cbd4-aadf-a70b36c06f4f,0000139405
0000541074EQ20191025120212,35bf3cd1-0272-450d-bd50-57cb572a247c,0000541074
41122691SQ20181006113557,6694c67a-5412-0ec6-f21a-1a1a081c54ab,0000009863
0000591523EE20191026114413,e43e0b68-6c86-4bdf-855a-82ddc8c177e7,0000591523
07415757SQ20181006113400,2fa34e74-965f-7201-b08c-77b266dea6ee,0000632550
0000004724UWA20190522170544,61d0a6a2-d36d-4947-99df-0b3e501b1397,0000004724
59117090SQ20181019153953,e31496bc-84a9-306c-f0b1-7e4cf6443211,0000560498
99459969SQ20181224060231,64bf08ae-9e4a-599f-b481-13d435950318,0000641289
65510933SQ20181011163323,2cd576f0-9ab2-e828-0f3e-e32c9f345e0a,0000160267
33111939EE20190418111115,c70d24b1-fb1d-450f-abdd-1bd827a3a038,0000008552
27222188SQ20181006113550,28bac6f5-67e2-6ace-51e3-114f5a81c05c,0000505071
19210137TJ120190328152631,c5404fae-8ef1-b7a5-96ef-26cbeee3f0ab,0000005664
09414729SQ20181006113424,a7afd10e-57ca-1c2d-d73b-8fe07216ff69,0000269867
13115780UEA20190412175327,4865dad1-0b31-a30d-3a3d-91f5707354b0,0000004522
72127795SQ20181006113434,4b96d4b4-7f53-3b4e-df36-8d9851f4a086,0000016764
98771527UEA20181024174558,ba65e5e0-e7b8-ddc1-afcb-7660f5253c55,0000019892
41122691SQ20181019153926,937780c1-5bd5-02ce-3cce-21a66c47654a,0000009863
98771527UWA20181024172307,7065ae73-2bcb-6bfb-30dc-c1d210fdfbb6,0000019892
99825193SQ20181004192921,579138f7-5640-c9a7-d53d-ccdef77cac8f,0000694868
01245684UA0220190412181935,4ab1cb6a-94ec-45a0-aee8-f75638cb97c1,0000000819
72613247SQ20181017202805,c4d52feb-f50a-d33c-2216-2e07ec8a88c5,0000139405
00763309NE20190401114222,445ed625-db89-26e2-90f8-e30e26f2cfa7,0000000344
01769762SQ20181006113440,03fccc68-28de-e4e7-07fe-1faa20fc685f,0000661322
19210137WN220190401135039,2f511b4e-405a-a22a-d8da-f3b51d295249,0000005664
72315457SQ20181006115450,ae011694-6542-5f22-39bb-0e9976f201dc,0000499968
00763309WV9920190328170912,5946dfb0-a95a-4b87-bc54-5e65d1ef4147,0000000344
66215147SQ20181019154021,b0b9e023-9bbf-88fa-6375-4a9734a6f792,0000591982
33111939EE20190412165743,503a46dc-f83c-67ef-3599-8439fd2b8794,0000008552
01728228SQ20181011163324,86fa52a3-268e-7d05-d31e-b58770aa6f32,0000001321
19210137SK20190401135142,d195846f-fa45-582a-f83b-56798f864345,0000005664
01766015SQ20181006115651,601524e2-9f0f-937e-57ed-ea083c3030f3,0000531315
01245684UA0120190430172903,52bd344d-6417-4f7e-a777-58833c26a996,0000000819
65517066SQ20181004192928,5e15a2ea-c8a4-ce46-8fa4-015662da0306,0000712943
01769186SQ20181224060221,86973ecf-2e0b-eee9-5d61-71637bbb00b0,0000651735
53223474SQ20181004193109,84719b3d-47b1-d087-ab4d-f9e7df70ed18,0000490263
70111756SQ20181224060222,9959d3c6-769d-7acb-c4cf-a7d4792e6b84,0000135063
20213714SQ20181019171547,b836e7fc-df72-5279-baeb-4b0c15cc3354,0000005826
13115780UEA20190417101701,e6a9ec87-aa27-40c2-bb7a-368dd9844824,0000004522
45313936SQ20181004192951,9a0d114c-e8a2-86c7-394c-1e7b403e919c,0000098610
13115780UA0220190412171012,e6a9ec87-aa27-40c2-bb7a-368dd9844824,0000004522
45118388SQ20181006164810,be3e6a62-af32-415d-68fe-1902ef49c380,0000584912
99454304SQ20181224060221,d6e49fde-1401-3c04-f1fc-1e0c6d2bf5fd,0000508244
01728228SQ20181006115455,86fa52a3-268e-7d05-d31e-b58770aa6f32,0000001321
00763309WV9920190328170724,5946dfb0-a95a-4b87-bc54-5e65d1ef4147,0000000344
09414729SQ20181004193654,a7afd10e-57ca-1c2d-d73b-8fe07216ff69,0000269867
00763309SQ20190412095653,a5c47271-a0e3-47e6-8f65-8907028a0ef1,0000000344
17113818SQ20181004193441,5450acc6-27e1-c3cb-8138-78ea5403b1e8,0000618092
65510933SQ20181224060227,ddfad314-2506-be24-4c27-12092ace1454,0000160267
53223474SQ20181004195445,84719b3d-47b1-d087-ab4d-f9e7df70ed18,0000490263
13213079UZA20190430164614,b7d0ae6c-0ee2-496d-901e-1f87ae658b46,0000004724
00775258SQ20181006165250,5ba9f500-f428-149e-db86-d1389c517a2c,0000027292
00763309NX1520190329073337,10152f82-1f2b-4ce8-a7b0-4fdd8323d7c9,0000000344
72133509SQ20181004195835,5ea43c76-dd28-54a9-6bee-5e90f37e8347,0000550654
00312644NH20190329073725,e7d7e7d5-4d18-4214-864b-8503e7c72123,0000000043
57303253SQ20181006115638,df8be354-ab5b-e850-c3ad-c17168e4d949,0000648734
06213059SQ20181224060228,a1a3622a-7c13-99a7-dff6-aa3b39c08e3f,0000002767
01769050SQ20181006115504,3115d6d9-8128-e3c9-9d12-db083666b6fb,0000215130
00770198SL20190417093702,fd2e576f-8b8b-4bcd-9ce8-3d82bc95f403,0000000389
65425329SQ20181004200006,edfd95e6-6fc5-61ac-633e-bdc4a8616755,0000015545
39125255SQ20181224060227,2f0d2a04-7c67-f293-25aa-6cd16e31d332,0000581453
90327874SQ20181004195855,fbeb85f9-50dc-2140-841b-eafe0e39bf2a,0000656809
47117907SQ20181224060231,5f677917-64d7-181b-8176-5f12dbe67cc0,0000188924
41122691SQ20181004201842,6694c67a-5412-0ec6-f21a-1a1a081c54ab,0000009863
49411083SH20181224060428,c8887124-8d6d-8a24-be41-1c8219736d48,0000102824
49411083SQ20181004201846,b0daa42c-dfc8-1915-a06b-726cb77d0ad3,0000102824
90263815UA0220190412171217,9312cc8b-012b-99da-d02d-4d9e3b2d74ea,0000164646
63613199SQ20181004202324,6cd7e863-e970-f46c-7476-b4a7ab521a77,0000195560
33111939AC20190412111140,21ef648a-8004-4959-cc55-eda20bf16d0c,0000008552
72613247SQ20181004201955,9cd90667-a1d0-cbd4-aadf-a70b36c06f4f,0000139405
13213079UEA20190430165215,b7d0ae6c-0ee2-496d-901e-1f87ae658b46,0000004724
69127562SQ20181006120048,56183e70-3349-195c-7ae7-f6b697bbaf73,0000164149
39124762SQ20181224060220,280d778c-1f8d-d9f4-2b99-f4e6d5afd964,0000596752
99454304SQ20181004202338,b0e63c1c-4e60-81d4-ae8e-e2267d5cc925,0000508244
70112469SQ20181224060217,e367ba0c-a7c2-d730-9e0b-dc39c6663ab5,0000016423
45118388SQ20181011163340,be3e6a62-af32-415d-68fe-1902ef49c380,0000584912
13213079UEA20190430165454,b7d0ae6c-0ee2-496d-901e-1f87ae658b46,0000004724
45313936SQ20181019180807,e02bfe1a-4537-abe5-5dd1-c938e7085995,0000098610
13213079UEA20190430165714,bf202e61-5751-5454-0b3f-8140309c2c17,0000004724
09414729SQ20181004204513,a7afd10e-57ca-1c2d-d73b-8fe07216ff69,0000269867
19210137TJ120190328152545,c5404fae-8ef1-b7a5-96ef-26cbeee3f0ab,0000005664
99454304SQ20181019153931,d6e49fde-1401-3c04-f1fc-1e0c6d2bf5fd,0000508244
00770198EE20190501183930,fd2e576f-8b8b-4bcd-9ce8-3d82bc95f403,0000000389
65514393SQ20181004205020,46be447f-400a-4085-17af-ad77d6e8cb59,0000632628
39125381SQ20181224060231,6ee4048c-d95f-b851-8b61-c8de35dde471,0000630842
29312278SQ20181004205154,f42716ea-f72c-00e2-fe31-cd04c21d8dea,0000657361
65114676SQ20181224060234,90549f09-a146-9e62-c574-91547b1b68cd,0000015036
14227109SQ20181004204955,80d5d57c-499f-be9f-15f9-343e44a8ef21,0000005057
00763309ZG20190423085605,ecec565d-da55-45c7-9d45-079c0f10ad5b,0000000344
00775258SQ20181004205101,5ba9f500-f428-149e-db86-d1389c517a2c,0000027292
90263815UA0220190412173103,9312cc8b-012b-99da-d02d-4d9e3b2d74ea,0000164646
09912706SQ20181222042203,3a4c0c95-01b8-b664-b876-3196180d3fb6,0000003868
39125187NX1020190509153311,0abfd363-f1f1-469f-88cb-c9dc77581d34,0000557777
04126988SQ20181004210729,39f65437-6c47-ccf4-2175-1bb8c476607e,0000636549
39125187NB20190509161549,23b3525c-bc63-4656-85d9-ed9ba880ef7d,0000557777
59119267SQ20181022100920,fa361f06-2812-24a2-5d3a-3869b5c617bb,0000644355
00721990PH20190426095221,ad13cc2c-ed40-423a-bfc0-7937eb5aa1ff,0000000104
20314543SQ20181025180925,02afe565-4981-abec-7db0-5ee1ea3debbf,0000635982
09700550SH20181224060236,0e7e9fc1-aecd-f257-fe49-b05198cd3d2c,0000632152
57303253SQ20181004210923,df8be354-ab5b-e850-c3ad-c17168e4d949,0000648734
01245684UWA20190412112811,385da3d2-3c9a-4ef1-ada0-28e9935d03e8,0000000819
90404559SQ20181004210738,b1c3af5f-06ce-fd86-a6ce-ef42cf596317,0000630237
47117648UZA20190417100824,5c14e329-f0bc-4957-8c5f-6a4b888d9cdd,0000543286
30413584SQ20181002210627,3bd376d0-dfd0-6b52-a6a3-62773e95d137,0000489653
90263815EN0120190417100211,17983923-8baa-dc6c-9a28-e5cc2b2e064d,0000164646
13111689SQ20181004210829,0e5e0dbe-a17e-313a-ab83-0e7c0cb8cb6f,0000004487
47117648UEA20190417100715,5c14e329-f0bc-4957-8c5f-6a4b888d9cdd,0000543286
29312278SQ20181006120053,f42716ea-f72c-00e2-fe31-cd04c21d8dea,0000657361
13213079UEA20190430170112,bf202e61-5751-5454-0b3f-8140309c2c17,0000004724
63613199SQ20181004211400,6cd7e863-e970-f46c-7476-b4a7ab521a77,0000195560
63315024SQ20181006120051,c488c2f1-fd0d-5d79-bbd9-39fba3a6ec05,0000550124
01769490SQ20181025180812,bfa104f8-8d75-7d57-a672-a711b9b46510,0000657243
01769186SQ20190308102603,86973ecf-2e0b-eee9-5d61-71637bbb00b0,0000651735
45600250SQ20181006120022,06e934d6-df66-d840-c726-2ae73201388c,0000617286
63210437SQ20181005195821,34c6ef8a-b5e0-1020-28e3-106e701f2c9d,0000014709
72222023SQ20181002210813,cba4f787-ae09-d729-48c0-61b6ba345c18,0000649109
01769762SQ20181005200408,03fccc68-28de-e4e7-07fe-1faa20fc685f,0000661322
06213059SQ20181006120220,b92670cd-31e8-7593-92bb-4544d5aea084,0000002767
80032445SQ20181006120220,c6e70be3-ba6c-2717-f1e9-4b961a7611fd,0000017627
70111756SQ20181005201850,3d83fe5c-d5f8-e6cc-5520-6673804b123e,0000135063
66215147SQ20181005202039,fc2f18d9-5370-8f86-f4c7-e90d287ee476,0000591982
98764356SQ20181006120220,3209bf7c-0d1f-0346-cfb7-b2feba246c61,0000019731
20314543SQ20181006173934,98673d42-81ec-5d23-74d3-de1762459bcb,0000635982
45600250SQ20181006174143,06e934d6-df66-d840-c726-2ae73201388c,0000617286
14236741SQ20181005202609,73c9f910-515b-2098-6790-f6ee2975f7ba,0000508962
69127562SQ20181005202434,56183e70-3349-195c-7ae7-f6b697bbaf73,0000164149
45118388SQ20181009200708,be3e6a62-af32-415d-68fe-1902ef49c380,0000584912
98794926SQ20181005204517,ff3f9fff-26be-dd76-63fe-d7850da81e5d,0000639175
20314543SQ20181006120020,98673d42-81ec-5d23-74d3-de1762459bcb,0000635982
01728228SQ20181005204523,86fa52a3-268e-7d05-d31e-b58770aa6f32,0000001321
72222023SQ20181005204533,cba4f787-ae09-d729-48c0-61b6ba345c18,0000649109
27222188SQ20181005205148,28bac6f5-67e2-6ace-51e3-114f5a81c05c,0000505071
21123863SQ20181006120208,d9518b89-8726-6ccf-af1c-3e1d8e1436f5,0000221584
30714487SQ20181006175038,2a35daf0-3f53-6ea7-409a-d91c60af01d7,0000485065
70112469SQ20181005205249,d43d9fff-1996-f960-2b21-7a496fec2391,0000016423
99444004SQ20181005205150,ca647035-a06e-5f95-8d35-971deb15b2f3,0000156082
90327874SQ20181006120012,fbeb85f9-50dc-2140-841b-eafe0e39bf2a,0000656809
19214791SQ20181006120102,1b92dd01-2068-507c-91e9-0cd04453fdcc,0000654554
65510933SQ20181005211419,2cd576f0-9ab2-e828-0f3e-e32c9f345e0a,0000160267
24423496SQ20181005211843,f1c0cdee-3d16-0214-d91f-45993e67c78e,0000006921
53512172SQ20181005211955,56b49557-773f-f0eb-6ca7-ae9a06bd75fb,0000012552
59119267SQ20181006120229,445568c3-8e2d-55bb-240e-a0608af03d70,0000644355
80032445SQ20181005212011,c6e70be3-ba6c-2717-f1e9-4b961a7611fd,0000017627
00775258SQ20181006120032,5ba9f500-f428-149e-db86-d1389c517a2c,0000027292
27225880SQ20181005213913,f9cde6e6-9046-c071-320c-97d0ff2142cf,0000628351
21123863SQ20181005213814,d9518b89-8726-6ccf-af1c-3e1d8e1436f5,0000221584
90282854SQ20181005213908,2fc93dbf-ef6d-9d20-5be8-804ceebdc159,0000534994
32113383SQ20181005214042,63daf762-3bcc-0645-b89e-1f6604ad06a1,0000626671
45318698UZA20180911143148,25e52c9c-0cc7-44b4-9fcf-64e9f22a28cf,0000589638
25210680SQ20181006120055,82c64d9e-1bea-2af6-a4c4-b277cdc11958,0000078417
41122691SQ20181006121540,6694c67a-5412-0ec6-f21a-1a1a081c54ab,0000009863
01766015SQ20181006110254,601524e2-9f0f-937e-57ed-ea083c3030f3,0000531315
47117907SQ20181006110306,7bea8ef4-5c88-8580-9647-ea9db7041aec,0000188924
98764356SQ20181006110301,3209bf7c-0d1f-0346-cfb7-b2feba246c61,0000019731
07415757SQ20181006110936,2fa34e74-965f-7201-b08c-77b266dea6ee,0000632550
99455389SQ20181006110943,9c08b04a-2de0-7129-f06f-6b1efd92c5e4,0000531336
20314543SQ20181006111004,98673d42-81ec-5d23-74d3-de1762459bcb,0000635982
99439631SQ20181006121750,0c9543b3-affe-a541-a5e4-caddd1377482,0000155726
57303253SQ20181006113031,df8be354-ab5b-e850-c3ad-c17168e4d949,0000648734
30413584SQ20181006121631,3bd376d0-dfd0-6b52-a6a3-62773e95d137,0000489653
66215147SQ20181006121747,fc2f18d9-5370-8f86-f4c7-e90d287ee476,0000591982
63613199SQ20181006113605,6cd7e863-e970-f46c-7476-b4a7ab521a77,0000195560
63315024SQ20181006113513,c488c2f1-fd0d-5d79-bbd9-39fba3a6ec05,0000550124
41115019SQ20181006113635,6b927696-d712-3b10-3082-3464d410d3af,0000093842
11615725SQ20181006115450,8f78d258-ed04-5dec-535c-c31f69483583,0000531663
70119615SQ20181006115648,762c7ff2-97a9-f41f-31e9-e9ed16bc07e7,0000632488
00770198EQ20180820115348,a360c7bd-34d5-4bc1-b92a-0f8c5e6f93a8,0000000389
01766015SQ20181006121738,601524e2-9f0f-937e-57ed-ea083c3030f3,0000531315
53511786SQ20181006121531,2d318951-70c9-177a-a724-79638bffbf00,0000108027
14236741SQ20181006121733,73c9f910-515b-2098-6790-f6ee2975f7ba,0000508962
69127562SQ20181222042139,f51551ca-e3f0-94e5-f952-118c2b8125ba,0000164149
72110427AI5520180913210728,5c9131a1-90cc-3b15-21ff-98245e86fde1,0000016628
01769762SQ20181006121737,03fccc68-28de-e4e7-07fe-1faa20fc685f,0000661322
63613199SQ20181006143254,6cd7e863-e970-f46c-7476-b4a7ab521a77,0000195560
49411083SQ20181006121546,b0daa42c-dfc8-1915-a06b-726cb77d0ad3,0000102824
20314543AI5520180914200619,98673d42-81ec-5d23-74d3-de1762459bcb,0000635982
72315457SQ20181006121740,ae011694-6542-5f22-39bb-0e9976f201dc,0000499968
53512172SQ20181006122301,56b49557-773f-f0eb-6ca7-ae9a06bd75fb,0000012552
72110427SQ20181006121631,5c9131a1-90cc-3b15-21ff-98245e86fde1,0000016628
04126988SQ20181009200824,39f65437-6c47-ccf4-2175-1bb8c476607e,0000636549
45600250SQ20181006122154,06e934d6-df66-d840-c726-2ae73201388c,0000617286
65114676SQ20181006164758,2acd34a8-6b87-3576-3382-cfbadaef0a75,0000015036
14227109SQ20181006124158,80d5d57c-499f-be9f-15f9-343e44a8ef21,0000005057
49411083SQ20181222042220,c8887124-8d6d-8a24-be41-1c8219736d48,0000102824
13111689SQ20181006124301,0e5e0dbe-a17e-313a-ab83-0e7c0cb8cb6f,0000004487
45417111SQ20181006124254,903546f3-4626-cb2f-69b7-148336c5025b,0000501190
65114676SQ20181012162205,90549f09-a146-9e62-c574-91547b1b68cd,0000015036
72133635SQ20181004193643,60fbeabb-6b48-a038-8642-53332f692424,0000521318
17113818SQ20181004200010,5450acc6-27e1-c3cb-8138-78ea5403b1e8,0000618092
70112469SQ20181004202421,d43d9fff-1996-f960-2b21-7a496fec2391,0000016423
11114350SQ20181019180806,b631a32c-4129-39bb-7a3e-06924584070f,0000059218
99825193SQ20181004195301,579138f7-5640-c9a7-d53d-ccdef77cac8f,0000694868
45600551SQ20181005201936,49673b6e-caba-69d4-e28c-25e303c41b07,0000643479
63210437SQ20181005204513,34c6ef8a-b5e0-1020-28e3-106e701f2c9d,0000014709
27131086SQ20181005205153,de2beb89-4cad-d36f-4e0b-a237275f4b03,0000617126
70112469SQ20181005213259,d43d9fff-1996-f960-2b21-7a496fec2391,0000016423
65510933SQ20181006110234,2cd576f0-9ab2-e828-0f3e-e32c9f345e0a,0000160267
27131086SQ20181024113349,6246a2cb-e42b-3b88-9a98-5e28216f7ce6,0000617126
53511786SQ20181006120041,2d318951-70c9-177a-a724-79638bffbf00,0000108027
00770198EQ20180919084721,a360c7bd-34d5-4bc1-b92a-0f8c5e6f93a8,0000000389
72133509SQ20181006131304,5ea43c76-dd28-54a9-6bee-5e90f37e8347,0000550654
63613199SQ20181222042235,a3fa5c82-7075-2abd-8ad7-4b91548b52d2,0000195560
00770198EF20181010181724,e00e8388-56e5-4fa9-95f5-4f1aed7a7cee,0000000389
63315024SQ20181006122102,c488c2f1-fd0d-5d79-bbd9-39fba3a6ec05,0000550124
13211213SQ20181011134742,c94315bd-1517-93b8-70e2-5d26a1f308fe,0000063555
39125187SK20180911145928,10306ec6-bb7e-8d3b-0abb-7708b35e91da,0000557777
47117907SQ20181006122319,7bea8ef4-5c88-8580-9647-ea9db7041aec,0000188924
99825193SQ20181005195827,579138f7-5640-c9a7-d53d-ccdef77cac8f,0000694868
65114676SQ20181006133814,2acd34a8-6b87-3576-3382-cfbadaef0a75,0000015036
63613199SQ20181018100415,a3fa5c82-7075-2abd-8ad7-4b91548b52d2,0000195560
45600551SQ20181006133724,49673b6e-caba-69d4-e28c-25e303c41b07,0000643479
90282854SQ20181018100427,6377268d-f88e-14a5-3c77-04aab877daf9,0000534994
21120161SQ20181006122222,4b8722c1-b608-cc9f-cfdb-467aec01490f,0000072616
45318698UZA20180911151515,10ea4795-4456-4ce1-9e65-83f599396cc6,0000589638
01769186SQ20181018100448,86973ecf-2e0b-eee9-5d61-71637bbb00b0,0000651735
65514720SQ20181006122110,b5deebe4-e07f-7067-09a8-1531bb129b94,0000637425
13211213SQ20181025165032,ce0f5103-ba66-e013-fae8-e7f95a8a535b,0000063555
00763309EQ20180822191038,37ba2b79-767b-4e95-9556-46479d5f4090,0000000344
72613247SQ20181026125551,c4d52feb-f50a-d33c-2216-2e07ec8a88c5,0000139405
99825193SQ20181006151810,579138f7-5640-c9a7-d53d-ccdef77cac8f,0000694868
11615725SQ20181006122203,8f78d258-ed04-5dec-535c-c31f69483583,0000531663
17113818SQ20181006122220,5450acc6-27e1-c3cb-8138-78ea5403b1e8,0000618092
99825193SQ20181004202014,579138f7-5640-c9a7-d53d-ccdef77cac8f,0000694868
13801364SQ20181006122320,8ff82670-29ba-e61c-63a1-08eebb5d1ee4,0000628055
07415757SQ20181222042220,b56ba812-8314-6128-195c-ec5d87e29eb9,0000632550
14227109SQ20181006122154,80d5d57c-499f-be9f-15f9-343e44a8ef21,0000005057
20314543SQ20181006122123,98673d42-81ec-5d23-74d3-de1762459bcb,0000635982
13111689SQ20181026121446,392f268c-c9db-f63f-0265-44a6d5001cc1,0000004487
70110373SQ20181022100920,3cb848d8-75aa-8e59-8370-b591554ae271,0000016407
14236741SQ20181006122307,73c9f910-515b-2098-6790-f6ee2975f7ba,0000508962
99825193SN20181024173316,1cafba60-d597-3a0b-3b54-f05a93715b9f,0000694868
70119615AI5520180913210518,762c7ff2-97a9-f41f-31e9-e9ed16bc07e7,0000632488
72133509AI5520180913210709,5ea43c76-dd28-54a9-6bee-5e90f37e8347,0000550654
18112452SL20181112142316,2c1d6bc0-8cf5-1cc7-4210-03fec4b7fc17,0000068836
45313936SQ20181011134742,9a0d114c-e8a2-86c7-394c-1e7b403e919c,0000098610
30413584SQ20181011134656,3bd376d0-dfd0-6b52-a6a3-62773e95d137,0000489653
00775258SQ20181011134643,5ba9f500-f428-149e-db86-d1389c517a2c,0000027292
99454304SQ20181006122119,b0e63c1c-4e60-81d4-ae8e-e2267d5cc925,0000508244
99825193SQ20181005204505,579138f7-5640-c9a7-d53d-ccdef77cac8f,0000694868
41122691SQ20181011134656,6694c67a-5412-0ec6-f21a-1a1a081c54ab,0000009863
18112452SK20181112152758,2c1d6bc0-8cf5-1cc7-4210-03fec4b7fc17,0000068836
00305059EQ20180824103956,c146be27-d1ae-1faa-2906-80bc991007e8,0000000030
67411852SQ20181025180733,71c99574-359e-06c0-df72-a2cb527686d5,0000626786
72110427SQ20181006165007,5c9131a1-90cc-3b15-21ff-98245e86fde1,0000016628
11114350SQ20181028103307,b631a32c-4129-39bb-7a3e-06924584070f,0000059218
24423496SQ20181006122342,f1c0cdee-3d16-0214-d91f-45993e67c78e,0000006921
27131086SQ20181222042208,6246a2cb-e42b-3b88-9a98-5e28216f7ce6,0000617126
09414729SQ20181004193103,a7afd10e-57ca-1c2d-d73b-8fe07216ff69,0000269867
39126586SQ20181222042220,6a28ca22-4dd2-d6e1-9330-3e0cb704ba14,0000694128
06213059SQ20181004193116,b92670cd-31e8-7593-92bb-4544d5aea084,0000002767
47118487SQ20181022145124,06459e0a-0c4c-0fce-c07c-18536a737c9e,0000610627
49411083SQ20181004193108,b0daa42c-dfc8-1915-a06b-726cb77d0ad3,0000102824
17212658SQ20181004192912,6e7915a9-aa6e-ac9c-924a-6c394ad60a2a,0000631481
37131355SQ20181006124402,626c27d2-9bd8-f13d-9dad-3124feaba017,0000658348
53511786SQ20181004193636,2d318951-70c9-177a-a724-79638bffbf00,0000108027
45117073SQ20181006164956,74d34b16-ff3b-550b-b7ad-099d2b9cfb56,0000516895
57303253SQ20181006164845,df8be354-ab5b-e850-c3ad-c17168e4d949,0000648734
59117090SQ20181004193014,07935152-f9fc-9d50-4d9c-7cfb829fcf47,0000560498
01766015SQ20181004193014,601524e2-9f0f-937e-57ed-ea083c3030f3,0000531315
70110373AI5520180913210718,b66cd9bf-0fd5-79f1-5674-1e9e0b4783a4,0000016407
45118388AI5520180913210723,be3e6a62-af32-415d-68fe-1902ef49c380,0000584912
20314543SQ20181004193526,98673d42-81ec-5d23-74d3-de1762459bcb,0000635982
63210437SQ20181004193138,34c6ef8a-b5e0-1020-28e3-106e701f2c9d,0000014709
39125187SQ20181004192927,b62d115f-8566-e96e-b0a6-0640575fb92b,0000557777
20411501SQ20181030192034,335dbf5a-4844-44e1-353f-b8a76f546129,0000071407
13111689SQ20181004192915,0e5e0dbe-a17e-313a-ab83-0e7c0cb8cb6f,0000004487
20213714SQ20181004193124,2fb31311-250c-4810-e193-c5a52b2e9979,0000005826
24423496SQ20181004193449,f1c0cdee-3d16-0214-d91f-45993e67c78e,0000006921
29312278SQ20181004193448,f42716ea-f72c-00e2-fe31-cd04c21d8dea,0000657361
70110373SQ20181006124416,b66cd9bf-0fd5-79f1-5674-1e9e0b4783a4,0000016407
21911086SQ20181004193503,6bed5119-c824-9a2f-04ea-66f11093652f,0000573403
27222188SQ20181004193538,28bac6f5-67e2-6ace-51e3-114f5a81c05c,0000505071
41115019SQ20181004193539,6b927696-d712-3b10-3082-3464d410d3af,0000093842
69127562SQ20181004193505,56183e70-3349-195c-7ae7-f6b697bbaf73,0000164149
01766015SQ20181019153953,3199803a-ad85-9c35-a393-45f06597be8f,0000531315
80032445SQ20181004193545,c6e70be3-ba6c-2717-f1e9-4b961a7611fd,0000017627
45313936SQ20181006124212,9a0d114c-e8a2-86c7-394c-1e7b403e919c,0000098610
63613199SQ20181004193510,6cd7e863-e970-f46c-7476-b4a7ab521a77,0000195560
00775258SQ20181004193510,5ba9f500-f428-149e-db86-d1389c517a2c,0000027292
27225880SQ20181004193550,f9cde6e6-9046-c071-320c-97d0ff2142cf,0000628351
20213714SQ20181004195243,2fb31311-250c-4810-e193-c5a52b2e9979,0000005826
63314777SQ20181004195255,fa64ace1-01b4-efda-ad1a-54354e2cb588,0000195464
72110427SQ20181004195448,5c9131a1-90cc-3b15-21ff-98245e86fde1,0000016628
65514393SQ20181006165249,46be447f-400a-4085-17af-ad77d6e8cb59,0000632628
45117073SQ20181006124223,74d34b16-ff3b-550b-b7ad-099d2b9cfb56,0000516895
99459969SQ20181004195301,7f2ab596-94e7-23bb-535f-6d3501f73550,0000641289
09700550SQ20181006140232,4cf075b1-0301-560d-b8b1-2cb897ae7664,0000632152
99439631SQ20181004195443,0c9543b3-affe-a541-a5e4-caddd1377482,0000155726
63210437SQ20181004195437,34c6ef8a-b5e0-1020-28e3-106e701f2c9d,0000014709
41115019AI5520180913210554,6b927696-d712-3b10-3082-3464d410d3af,0000093842
49411083SQ20181215200315,c8887124-8d6d-8a24-be41-1c8219736d48,0000102824
99444004AI5520180913210513,ca647035-a06e-5f95-8d35-971deb15b2f3,0000156082
90404559AI5520180913210612,b1c3af5f-06ce-fd86-a6ce-ef42cf596317,0000630237
65517066SQ20181004195255,5e15a2ea-c8a4-ce46-8fa4-015662da0306,0000712943
53512172AI5520180913210616,56b49557-773f-f0eb-6ca7-ae9a06bd75fb,0000012552
45117073SQ20181215200316,2d251960-5f50-b77d-d20a-613cfd0aec4a,0000516895
45417111AI5520180913210747,903546f3-4626-cb2f-69b7-148336c5025b,0000501190
90404559SQ20181004195452,b1c3af5f-06ce-fd86-a6ce-ef42cf596317,0000630237
25210680SQ20181004195912,82c64d9e-1bea-2af6-a4c4-b277cdc11958,0000078417
63315024SQ20181004195829,c488c2f1-fd0d-5d79-bbd9-39fba3a6ec05,0000550124
72216837SQ20181004195837,e53b9a83-1350-0ba1-2032-4180650815de,0000016970
19214791SQ20181004195912,1b92dd01-2068-507c-91e9-0cd04453fdcc,0000654554
99439631SQ20181006140232,0c9543b3-affe-a541-a5e4-caddd1377482,0000155726
90327874SQ20181004195244,fbeb85f9-50dc-2140-841b-eafe0e39bf2a,0000656809
32300206SQ20181004200006,4d54404c-171d-d610-84ce-3fe654deede5,0000282737
30714487AI5520180913210601,2a35daf0-3f53-6ea7-409a-d91c60af01d7,0000485065
27222188AI5520180913210634,28bac6f5-67e2-6ace-51e3-114f5a81c05c,0000505071
20411501AI5520180913210550,4185a1d0-7fad-1a2d-a6eb-855a2feee2a5,0000071407
99444004SQ20181004195853,ca647035-a06e-5f95-8d35-971deb15b2f3,0000156082
65514720SQ20181006141000,b5deebe4-e07f-7067-09a8-1531bb129b94,0000637425
72222023SQ20181006141000,cba4f787-ae09-d729-48c0-61b6ba345c18,0000649109
21120161SQ20181004195813,4b8722c1-b608-cc9f-cfdb-467aec01490f,0000072616
04126988AI5520180913210455,39f65437-6c47-ccf4-2175-1bb8c476607e,0000636549
41122691SQ20181006124301,6694c67a-5412-0ec6-f21a-1a1a081c54ab,0000009863
14236741SQ20181004195928,73c9f910-515b-2098-6790-f6ee2975f7ba,0000508962
00775258SQ20181006140804,5ba9f500-f428-149e-db86-d1389c517a2c,0000027292
65114676SQ20181018100427,90549f09-a146-9e62-c574-91547b1b68cd,0000015036
09912706SQ20181004200043,093dd0b2-3976-e424-78d5-24889351b70c,0000003868
72132838SQ20181004195851,e54f8343-9c74-011f-73a8-bf794c5da4f3,0000550175
20314543SQ20181006165446,98673d42-81ec-5d23-74d3-de1762459bcb,0000635982
01769762SQ20181004200028,03fccc68-28de-e4e7-07fe-1faa20fc685f,0000661322
21123863SQ20181004195823,d9518b89-8726-6ccf-af1c-3e1d8e1436f5,0000221584
98764356SQ20181004200040,3209bf7c-0d1f-0346-cfb7-b2feba246c61,0000019731
98794926SQ20181006124255,ff3f9fff-26be-dd76-63fe-d7850da81e5d,0000639175
70110373SQ20181025172459,3cb848d8-75aa-8e59-8370-b591554ae271,0000016407
70112469SQ20181006124259,d43d9fff-1996-f960-2b21-7a496fec2391,0000016423
98794926SQ20181004201751,ff3f9fff-26be-dd76-63fe-d7850da81e5d,0000639175
39125187SQ20181006140934,b62d115f-8566-e96e-b0a6-0640575fb92b,0000557777
99439631SQ20181004201755,0c9543b3-affe-a541-a5e4-caddd1377482,0000155726
63314777SQ20181004201811,fa64ace1-01b4-efda-ad1a-54354e2cb588,0000195464
70110373SQ20181004201807,b66cd9bf-0fd5-79f1-5674-1e9e0b4783a4,0000016407
66215147SQ20181004201750,fc2f18d9-5370-8f86-f4c7-e90d287ee476,0000591982
70119615SQ20181006124411,762c7ff2-97a9-f41f-31e9-e9ed16bc07e7,0000632488
90404559SQ20181012162356,9a6fb992-9dbf-06fe-ca20-d50529b7b053,0000630237
99439631SQ20181006124425,0c9543b3-affe-a541-a5e4-caddd1377482,0000155726
00763309WY2020190225093423,c6e5701e-28ab-436b-ac80-f59ffc53e73d,0000000344
99459969AI5520180913210723,7f2ab596-94e7-23bb-535f-6d3501f73550,0000641289
45417111SQ20181004202343,903546f3-4626-cb2f-69b7-148336c5025b,0000501190
11615725SQ20181004201850,8f78d258-ed04-5dec-535c-c31f69483583,0000531663
63210437SQ20181004201816,34c6ef8a-b5e0-1020-28e3-106e701f2c9d,0000014709
90404559SQ20181004201752,b1c3af5f-06ce-fd86-a6ce-ef42cf596317,0000630237
30714487SQ20181004201851,2a35daf0-3f53-6ea7-409a-d91c60af01d7,0000485065
47117907SQ20181004201854,7bea8ef4-5c88-8580-9647-ea9db7041aec,0000188924
99825193SQ20181006121727,579138f7-5640-c9a7-d53d-ccdef77cac8f,0000694868
59119267SQ20181004202537,445568c3-8e2d-55bb-240e-a0608af03d70,0000644355
69127562SQ20181004202535,56183e70-3349-195c-7ae7-f6b697bbaf73,0000164149
72132838SQ20181004202516,e54f8343-9c74-011f-73a8-bf794c5da4f3,0000550175
63315024SQ20181222042220,d767dc51-354f-41c5-1c03-608d4959af42,0000550124
30714487SQ20181028103430,0a020999-0981-f4fd-9ef7-7377c2b62dbb,0000485065
70111756SQ20181012162401,9959d3c6-769d-7acb-c4cf-a7d4792e6b84,0000135063
72314278SQ20181012162210,f0216b6c-2c94-c684-907f-4a588c286b72,0000017082
67411852SQ20181012162408,71c99574-359e-06c0-df72-a2cb527686d5,0000626786
90327874SQ20181004202401,fbeb85f9-50dc-2140-841b-eafe0e39bf2a,0000656809
70119615SQ20181006171331,762c7ff2-97a9-f41f-31e9-e9ed16bc07e7,0000632488
45417111SQ20181006171339,903546f3-4626-cb2f-69b7-148336c5025b,0000501190
13801364SQ20181006140811,8ff82670-29ba-e61c-63a1-08eebb5d1ee4,0000628055
69127562SQ20181017202801,f51551ca-e3f0-94e5-f952-118c2b8125ba,0000164149
53512172SQ20181004202403,56b49557-773f-f0eb-6ca7-ae9a06bd75fb,0000012552
01721182EQ20181112135119,daad68cb-b4bf-93ec-161d-0d702e34bcee,0000001303
65510933SQ20181004204515,2cd576f0-9ab2-e828-0f3e-e32c9f345e0a,0000160267
00763309SK20181024165130,3ec751c4-2825-42a4-a9b1-f30005ca6728,0000000344
65510933AI5520180913210601,2cd576f0-9ab2-e828-0f3e-e32c9f345e0a,0000160267
99825193SQ20181004210832,579138f7-5640-c9a7-d53d-ccdef77cac8f,0000694868
01728228AI5520180913210616,86fa52a3-268e-7d05-d31e-b58770aa6f32,0000001321
98794926SQ20181006142718,ff3f9fff-26be-dd76-63fe-d7850da81e5d,0000639175
04126360SQ20181004204626,01a4589d-73e6-bd28-103f-31d0d369d784,0000624345
13801364SQ20181006142512,8ff82670-29ba-e61c-63a1-08eebb5d1ee4,0000628055
99439631AI5520180913210624,0c9543b3-affe-a541-a5e4-caddd1377482,0000155726
01769762AI5520180913210624,03fccc68-28de-e4e7-07fe-1faa20fc685f,0000661322
45600551AI5520180913210612,49673b6e-caba-69d4-e28c-25e303c41b07,0000643479
17212658SQ20181006140844,6e7915a9-aa6e-ac9c-924a-6c394ad60a2a,0000631481
45417111SQ20181006142705,903546f3-4626-cb2f-69b7-148336c5025b,0000501190
90327874SQ20181006140957,fbeb85f9-50dc-2140-841b-eafe0e39bf2a,0000656809
45600551SQ20181004204435,49673b6e-caba-69d4-e28c-25e303c41b07,0000643479
21120161AI5520180914133648,4b8722c1-b608-cc9f-cfdb-467aec01490f,0000072616
72314278SQ20181004204612,d64bda85-ea8b-1526-0c87-7622f266fa5f,0000017082
37131355SQ20181004204515,626c27d2-9bd8-f13d-9dad-3124feaba017,0000658348
13111689SQ20181006142519,0e5e0dbe-a17e-313a-ab83-0e7c0cb8cb6f,0000004487
04126360SQ20181006142718,01a4589d-73e6-bd28-103f-31d0d369d784,0000624345
41122691SQ20181004204616,6694c67a-5412-0ec6-f21a-1a1a081c54ab,0000009863
59117090SQ20181004204430,07935152-f9fc-9d50-4d9c-7cfb829fcf47,0000560498
45118388AI5520180914133904,be3e6a62-af32-415d-68fe-1902ef49c380,0000584912
72133509AI5520180914133703,5ea43c76-dd28-54a9-6bee-5e90f37e8347,0000550654
20411501AI5520180914133907,4185a1d0-7fad-1a2d-a6eb-855a2feee2a5,0000071407
33111939NG20190227163710,d207b279-cc47-e9df-1714-39b9b0141728,0000008552
11114350AI5520180914133706,de62a194-e8db-94fd-a6b9-778583be9e8c,0000059218
01769490AI5520180914133707,7a7952ab-df97-f634-6894-0537bef0a822,0000657243
47117907AI5520180914133900,7bea8ef4-5c88-8580-9647-ea9db7041aec,0000188924
53511786SQ20181216002540,0eac25f8-f963-1739-da3c-8d316cb7a470,0000108027
25210680AI5520180914133700,82c64d9e-1bea-2af6-a4c4-b277cdc11958,0000078417
49411083AI5520180914133716,b0daa42c-dfc8-1915-a06b-726cb77d0ad3,0000102824
53511786SQ20181019193615,0eac25f8-f963-1739-da3c-8d316cb7a470,0000108027
20213714SQ20181004204523,2fb31311-250c-4810-e193-c5a52b2e9979,0000005826
49411083SQ20181004205051,b0daa42c-dfc8-1915-a06b-726cb77d0ad3,0000102824
01769762SQ20181004205053,03fccc68-28de-e4e7-07fe-1faa20fc685f,0000661322
99455389SQ20181004205211,9c08b04a-2de0-7129-f06f-6b1efd92c5e4,0000531336
72110427AI5520180914133733,5c9131a1-90cc-3b15-21ff-98245e86fde1,0000016628
14236741SQ20181006142712,73c9f910-515b-2098-6790-f6ee2975f7ba,0000508962
72132838AI5520180914133933,e54f8343-9c74-011f-73a8-bf794c5da4f3,0000550175
47118487SQ20181006142522,eab63187-9f83-efd9-06fa-c4f14c53efee,0000610627
01728228AI5520180914133915,86fa52a3-268e-7d05-d31e-b58770aa6f32,0000001321
72613247AI5520180914133907,9cd90667-a1d0-cbd4-aadf-a70b36c06f4f,0000139405
01769050AI5520180914133907,3115d6d9-8128-e3c9-9d12-db083666b6fb,0000215130
70112469AI5520180914133706,d43d9fff-1996-f960-2b21-7a496fec2391,0000016423
19214791AI5520180914133657,1b92dd01-2068-507c-91e9-0cd04453fdcc,0000654554
13801364AI5520180914133712,8ff82670-29ba-e61c-63a1-08eebb5d1ee4,0000628055
65514720AI5520180914133924,b5deebe4-e07f-7067-09a8-1531bb129b94,0000637425
65425329AI5520180914133938,edfd95e6-6fc5-61ac-633e-bdc4a8616755,0000015545
70111756AI5520180914133933,3d83fe5c-d5f8-e6cc-5520-6673804b123e,0000135063
59119267AI5520180914133927,445568c3-8e2d-55bb-240e-a0608af03d70,0000644355
17113818AI5520180914133739,5450acc6-27e1-c3cb-8138-78ea5403b1e8,0000618092
45313936SQ20181004204523,9a0d114c-e8a2-86c7-394c-1e7b403e919c,0000098610
45600551AI5520180914133823,49673b6e-caba-69d4-e28c-25e303c41b07,0000643479
45117073AI5520180914133739,74d34b16-ff3b-550b-b7ad-099d2b9cfb56,0000516895
67411852SQ20181004204425,c1e40e8c-b10c-72c8-6029-d1f938cfa3ae,0000626786
66215147SQ20181004204637,fc2f18d9-5370-8f86-f4c7-e90d287ee476,0000591982
90404559SQ20181004204640,b1c3af5f-06ce-fd86-a6ce-ef42cf596317,0000630237
41115019SQ20181006143129,6b927696-d712-3b10-3082-3464d410d3af,0000093842
90404559AI5520180914133740,b1c3af5f-06ce-fd86-a6ce-ef42cf596317,0000630237
39125187AI5520180914133824,b62d115f-8566-e96e-b0a6-0640575fb92b,0000557777
13801364SQ20181006143244,8ff82670-29ba-e61c-63a1-08eebb5d1ee4,0000628055
90327874SQ20181006143128,fbeb85f9-50dc-2140-841b-eafe0e39bf2a,0000656809
13801364SQ20181004205005,8ff82670-29ba-e61c-63a1-08eebb5d1ee4,0000628055
99825193EQ20181011150116,cdf0f500-fa98-4eef-be16-aacc38a915c5,0000694868
72127795SQ20181022100920,f06b9e9b-570f-b4b3-6b65-2dc04f2057d2,0000016764
99825193EQ20181011150658,cdf0f500-fa98-4eef-be16-aacc38a915c5,0000694868
70111756SQ20181004204430,3d83fe5c-d5f8-e6cc-5520-6673804b123e,0000135063
29312278SQ20181006143233,f42716ea-f72c-00e2-fe31-cd04c21d8dea,0000657361
72315457SQ20181012162158,5c78d5d3-cf46-408f-1b66-838b07eda1ec,0000499968
72133635SQ20181004205222,60fbeabb-6b48-a038-8642-53332f692424,0000521318
01766015AI5520180914200606,601524e2-9f0f-937e-57ed-ea083c3030f3,0000531315
72133509SQ20181006143041,5ea43c76-dd28-54a9-6bee-5e90f37e8347,0000550654
45417111SQ20181006130748,903546f3-4626-cb2f-69b7-148336c5025b,0000501190
63314777AI5520180914200418,fa64ace1-01b4-efda-ad1a-54354e2cb588,0000195464
06213059SQ20181006130945,b92670cd-31e8-7593-92bb-4544d5aea084,0000002767
17113818AI5520180913210728,5450acc6-27e1-c3cb-8138-78ea5403b1e8,0000618092
13111689SQ20181006145056,0e5e0dbe-a17e-313a-ab83-0e7c0cb8cb6f,0000004487
20411501AI5520180914200504,4185a1d0-7fad-1a2d-a6eb-855a2feee2a5,0000071407
66215147SQ20181006130936,fc2f18d9-5370-8f86-f4c7-e90d287ee476,0000591982
59119267SQ20181022174906,fa361f06-2812-24a2-5d3a-3869b5c617bb,0000644355
07415757SQ20181004205035,2fa34e74-965f-7201-b08c-77b266dea6ee,0000632550
00770198NE20190120160239,1829a335-9ae8-4abc-a4af-afd17b27b61a,0000000389
11615725SQ20181006145042,8f78d258-ed04-5dec-535c-c31f69483583,0000531663
65510933AI5520180914200417,2cd576f0-9ab2-e828-0f3e-e32c9f345e0a,0000160267
45118388SQ20181006130822,be3e6a62-af32-415d-68fe-1902ef49c380,0000584912
45313936SH20190308085539,e02bfe1a-4537-abe5-5dd1-c938e7085995,0000098610
70111756SQ20181024113318,9959d3c6-769d-7acb-c4cf-a7d4792e6b84,0000135063
01769186SQ20181024113318,86973ecf-2e0b-eee9-5d61-71637bbb00b0,0000651735
37131355SQ20181006153654,626c27d2-9bd8-f13d-9dad-3124feaba017,0000658348
00770198AK20181011111123,e00e8388-56e5-4fa9-95f5-4f1aed7a7cee,0000000389
72315457AI5520180917201231,ae011694-6542-5f22-39bb-0e9976f201dc,0000499968
16211601SQ20181006130929,5e5f5c5c-a142-e9cd-bf16-b17e2a5a5ae5,0000640045
45313936SQ20181022182143,e02bfe1a-4537-abe5-5dd1-c938e7085995,0000098610
14236741SQ20181006145742,73c9f910-515b-2098-6790-f6ee2975f7ba,0000508962
11615725AI5520180915100354,8f78d258-ed04-5dec-535c-c31f69483583,0000531663
72216837SQ20181006143121,e53b9a83-1350-0ba1-2032-4180650815de,0000016970
99439631SQ20181006162336,0c9543b3-affe-a541-a5e4-caddd1377482,0000155726
27225880AI5520180915100408,f9cde6e6-9046-c071-320c-97d0ff2142cf,0000628351
65510933AI5520180915100340,2cd576f0-9ab2-e828-0f3e-e32c9f345e0a,0000160267
99459969AI5520180915100604,7f2ab596-94e7-23bb-535f-6d3501f73550,0000641289
13111689SQ20181006162436,0e5e0dbe-a17e-313a-ab83-0e7c0cb8cb6f,0000004487
21120161SQ20181025172510,520c03f2-6c71-9493-28bd-abdd78d733cc,0000072616
65510933SQ20181004210937,2cd576f0-9ab2-e828-0f3e-e32c9f345e0a,0000160267
27131086AI5520180915100405,de2beb89-4cad-d36f-4e0b-a237275f4b03,0000617126
09700550SQ20181004210811,4cf075b1-0301-560d-b8b1-2cb897ae7664,0000632152
30714487SQ20181004210931,2a35daf0-3f53-6ea7-409a-d91c60af01d7,0000485065
65514393SQ20181004192912,46be447f-400a-4085-17af-ad77d6e8cb59,0000632628
66215147SQ20181004192938,fc2f18d9-5370-8f86-f4c7-e90d287ee476,0000591982
90327874SQ20181004193645,fbeb85f9-50dc-2140-841b-eafe0e39bf2a,0000656809
72127795SQ20181004200010,4b96d4b4-7f53-3b4e-df36-8d9851f4a086,0000016764
37131355SQ20181004202404,626c27d2-9bd8-f13d-9dad-3124feaba017,0000658348
06213059SQ20181006171523,b92670cd-31e8-7593-92bb-4544d5aea084,0000002767
63314777SQ20181006171434,fa64ace1-01b4-efda-ad1a-54354e2cb588,0000195464
72315457SQ20181004205100,ae011694-6542-5f22-39bb-0e9976f201dc,0000499968
99439631SQ20181004210725,0c9543b3-affe-a541-a5e4-caddd1377482,0000155726
65425329SQ20181004211439,edfd95e6-6fc5-61ac-633e-bdc4a8616755,0000015545
45600551SQ20181004210936,49673b6e-caba-69d4-e28c-25e303c41b07,0000643479
47118487SQ20181005201929,eab63187-9f83-efd9-06fa-c4f14c53efee,0000610627
01769762SQ20181004210829,03fccc68-28de-e4e7-07fe-1faa20fc685f,0000661322
29312278SQ20181005204513,f42716ea-f72c-00e2-fe31-cd04c21d8dea,0000657361
45313936SQ20181006174903,9a0d114c-e8a2-86c7-394c-1e7b403e919c,0000098610
70111756SQ20181004210739,3d83fe5c-d5f8-e6cc-5520-6673804b123e,0000135063
70119615SQ20181005211217,762c7ff2-97a9-f41f-31e9-e9ed16bc07e7,0000632488
09700550SQ20181005213252,4cf075b1-0301-560d-b8b1-2cb897ae7664,0000632152
72133868SQ20181005213855,01a56fd2-449e-368f-20c3-4d586f405261,0000564143
39125187SQ20181006110259,b62d115f-8566-e96e-b0a6-0640575fb92b,0000557777
72216837SQ20181006110855,e53b9a83-1350-0ba1-2032-4180650815de,0000016970
45313936SQ20181004210733,9a0d114c-e8a2-86c7-394c-1e7b403e919c,0000098610
21120161SQ20181006113513,4b8722c1-b608-cc9f-cfdb-467aec01490f,0000072616
09912706SQ20181006115959,093dd0b2-3976-e424-78d5-24889351b70c,0000003868
20411501SQ20181006121556,4185a1d0-7fad-1a2d-a6eb-855a2feee2a5,0000071407
57303253AI5520180916100346,df8be354-ab5b-e850-c3ad-c17168e4d949,0000648734
59117090SQ20181006124209,07935152-f9fc-9d50-4d9c-7cfb829fcf47,0000560498
00775258SQ20181006124940,5ba9f500-f428-149e-db86-d1389c517a2c,0000027292
70111756AI5520180916100608,3d83fe5c-d5f8-e6cc-5520-6673804b123e,0000135063
45118388AI5520180916100347,be3e6a62-af32-415d-68fe-1902ef49c380,0000584912
01769762SQ20181006134115,03fccc68-28de-e4e7-07fe-1faa20fc685f,0000661322
47118487AI5520180916100355,eab63187-9f83-efd9-06fa-c4f14c53efee,0000610627
09414729SQ20181006152317,a7afd10e-57ca-1c2d-d73b-8fe07216ff69,0000269867
45318698MC20181009195704,3ed2017f-f27a-fa34-6401-e41436b2d56b,0000589638
13211213SQ20181024113255,ce0f5103-ba66-e013-fae8-e7f95a8a535b,0000063555
14236741SQ20181006152120,73c9f910-515b-2098-6790-f6ee2975f7ba,0000508962
49411083SQ20181004210945,b0daa42c-dfc8-1915-a06b-726cb77d0ad3,0000102824
45417111SQ20181004210757,903546f3-4626-cb2f-69b7-148336c5025b,0000501190
09414729SQ20181004210821,a7afd10e-57ca-1c2d-d73b-8fe07216ff69,0000269867
59117090SQ20181004210750,07935152-f9fc-9d50-4d9c-7cfb829fcf47,0000560498
47118487AI5520180914200410,eab63187-9f83-efd9-06fa-c4f14c53efee,0000610627
99439631AI5520180917194830,0c9543b3-affe-a541-a5e4-caddd1377482,0000155726
45318698UEA20181024174504,e4c06bc0-b6a4-8baf-1d01-c66930871955,0000589638
21123863SQ20181022100920,8730c619-0eec-f846-4be4-d5f6b3cabd6b,0000221584
04126360SQ20181006153712,01a4589d-73e6-bd28-103f-31d0d369d784,0000624345
45318698EN0120181024150020,a0df10f3-06c9-412d-b8ed-10e5b97bbcea,0000589638
01769186AI5520180917195033,b7a59074-d057-6c72-f16b-c6e6074d5182,0000651735
11114350AI5520180917195035,de62a194-e8db-94fd-a6b9-778583be9e8c,0000059218
99444004AI5520180917194845,ca647035-a06e-5f95-8d35-971deb15b2f3,0000156082
45417111AI5520180917195049,903546f3-4626-cb2f-69b7-148336c5025b,0000501190
13211213SQ20181006154358,c94315bd-1517-93b8-70e2-5d26a1f308fe,0000063555
69127562SQ20181006154408,56183e70-3349-195c-7ae7-f6b697bbaf73,0000164149
69127562SQ20181012151847,56183e70-3349-195c-7ae7-f6b697bbaf73,0000164149
67411852SQ20181012151847,c1e40e8c-b10c-72c8-6029-d1f938cfa3ae,0000626786
80032445SQ20181006154401,c6e70be3-ba6c-2717-f1e9-4b961a7611fd,0000017627
99439631AI5520180917201236,0c9543b3-affe-a541-a5e4-caddd1377482,0000155726
01721182EQ20181112140640,daad68cb-b4bf-93ec-161d-0d702e34bcee,0000001303
70119615AI5520180914200621,762c7ff2-97a9-f41f-31e9-e9ed16bc07e7,0000632488
39125187AI5520180917201224,b62d115f-8566-e96e-b0a6-0640575fb92b,0000557777
17212658AI5520180917201246,6e7915a9-aa6e-ac9c-924a-6c394ad60a2a,0000631481
30714487AI5520180917201228,2a35daf0-3f53-6ea7-409a-d91c60af01d7,0000485065
72314278AI5520180917201432,d64bda85-ea8b-1526-0c87-7622f266fa5f,0000017082
66215147AI5520180917201328,fc2f18d9-5370-8f86-f4c7-e90d287ee476,0000591982
41122691AI5520180917201508,6694c67a-5412-0ec6-f21a-1a1a081c54ab,0000009863
63315024AI5520180917201303,c488c2f1-fd0d-5d79-bbd9-39fba3a6ec05,0000550124
41122691AI5520180914200603,6694c67a-5412-0ec6-f21a-1a1a081c54ab,0000009863
09700550SQ20181006160203,4cf075b1-0301-560d-b8b1-2cb897ae7664,0000632152
06213059SQ20181006160348,b92670cd-31e8-7593-92bb-4544d5aea084,0000002767
04126360AI5520180914200504,01a4589d-73e6-bd28-103f-31d0d369d784,0000624345
47117907AI5520180914200411,7bea8ef4-5c88-8580-9647-ea9db7041aec,0000188924
72110427AI5520180914200619,5c9131a1-90cc-3b15-21ff-98245e86fde1,0000016628
45318698UEA20181024143628,a0df10f3-06c9-412d-b8ed-10e5b97bbcea,0000589638
11615725SQ20181002194503,8f78d258-ed04-5dec-535c-c31f69483583,0000531663
20411501SQ20181002194516,4185a1d0-7fad-1a2d-a6eb-855a2feee2a5,0000071407
53223474SQ20181002194448,84719b3d-47b1-d087-ab4d-f9e7df70ed18,0000490263
20411501SQ20181019193629,335dbf5a-4844-44e1-353f-b8a76f546129,0000071407
39125187AI5520180914200422,b62d115f-8566-e96e-b0a6-0640575fb92b,0000557777
99459969SQ20181002194659,7f2ab596-94e7-23bb-535f-6d3501f73550,0000641289
66215147SQ20181002194657,fc2f18d9-5370-8f86-f4c7-e90d287ee476,0000591982
04126360SQ20181002194527,01a4589d-73e6-bd28-103f-31d0d369d784,0000624345
45313936AI5520180914200419,9a0d114c-e8a2-86c7-394c-1e7b403e919c,0000098610
69127562SQ20181006131255,56183e70-3349-195c-7ae7-f6b697bbaf73,0000164149
72127795SQ20181006145245,4b96d4b4-7f53-3b4e-df36-8d9851f4a086,0000016764
27222188AI5520180914200430,28bac6f5-67e2-6ace-51e3-114f5a81c05c,0000505071
70111756AI5520180914200438,3d83fe5c-d5f8-e6cc-5520-6673804b123e,0000135063
01766015SQ20181004210951,601524e2-9f0f-937e-57ed-ea083c3030f3,0000531315
09700550SQ20181006130929,4cf075b1-0301-560d-b8b1-2cb897ae7664,0000632152
47118487SQ20181006130958,eab63187-9f83-efd9-06fa-c4f14c53efee,0000610627
49411083SQ20181018100448,c8887124-8d6d-8a24-be41-1c8219736d48,0000102824
14227109SQ20181004211357,80d5d57c-499f-be9f-15f9-343e44a8ef21,0000005057
69127562SQ20181004211321,56183e70-3349-195c-7ae7-f6b697bbaf73,0000164149
57303253SQ20181006145240,df8be354-ab5b-e850-c3ad-c17168e4d949,0000648734
20314543SQ20181004211517,98673d42-81ec-5d23-74d3-de1762459bcb,0000635982
01769186SQ20181002200445,b7a59074-d057-6c72-f16b-c6e6074d5182,0000651735
45318698UEA20181024143837,a0df10f3-06c9-412d-b8ed-10e5b97bbcea,0000589638
13211213SQ20181004211307,c94315bd-1517-93b8-70e2-5d26a1f308fe,0000063555
30714487SQ20181006145232,2a35daf0-3f53-6ea7-409a-d91c60af01d7,0000485065
65514393SQ20181005195824,46be447f-400a-4085-17af-ad77d6e8cb59,0000632628
24411288EN20181112160136,948555d8-3ac5-74e4-fd78-2e652849fcb6,0000006868
25210680SQ20181006131458,82c64d9e-1bea-2af6-a4c4-b277cdc11958,0000078417
47117907SQ20181022182202,5f677917-64d7-181b-8176-5f12dbe67cc0,0000188924
72314278SQ20181011134732,d64bda85-ea8b-1526-0c87-7622f266fa5f,0000017082
20314543SQ20181011134742,98673d42-81ec-5d23-74d3-de1762459bcb,0000635982
98794926SQ20181022175113,52462c58-5a58-c242-92ce-9a3864cf93ea,0000639175
53511786SQ20181006145757,2d318951-70c9-177a-a724-79638bffbf00,0000108027
72315457AI5520180915100546,ae011694-6542-5f22-39bb-0e9976f201dc,0000499968
70111756SQ20181026121710,9959d3c6-769d-7acb-c4cf-a7d4792e6b84,0000135063
01721182EQ20181112143750,daad68cb-b4bf-93ec-161d-0d702e34bcee,0000001303
72314278AI5520180915100347,d64bda85-ea8b-1526-0c87-7622f266fa5f,0000017082
01766015AI5520180915100354,601524e2-9f0f-937e-57ed-ea083c3030f3,0000531315
16211601AI5520180915100602,5e5f5c5c-a142-e9cd-bf16-b17e2a5a5ae5,0000640045
06213059AI5520180915100347,b92670cd-31e8-7593-92bb-4544d5aea084,0000002767
49411083AI5520180915100351,b0daa42c-dfc8-1915-a06b-726cb77d0ad3,0000102824
01769186AI5520180915100556,b7a59074-d057-6c72-f16b-c6e6074d5182,0000651735
47117907AI5520180915100604,7bea8ef4-5c88-8580-9647-ea9db7041aec,0000188924
09414729SQ20181022100940,2701b3b3-e4f1-c841-8dd1-7a5d8f090d12,0000269867
11114350SQ20181005195637,de62a194-e8db-94fd-a6b9-778583be9e8c,0000059218
59119267AI5520180915100405,445568c3-8e2d-55bb-240e-a0608af03d70,0000644355
21911086AI5520180915100405,6bed5119-c824-9a2f-04ea-66f11093652f,0000573403
70111756SQ20181005195831,3d83fe5c-d5f8-e6cc-5520-6673804b123e,0000135063
11615725SQ20181002202457,8f78d258-ed04-5dec-535c-c31f69483583,0000531663
01769050SQ20181002202446,3115d6d9-8128-e3c9-9d12-db083666b6fb,0000215130
53223474SQ20181002202721,84719b3d-47b1-d087-ab4d-f9e7df70ed18,0000490263
72613247SQ20181002202710,9cd90667-a1d0-cbd4-aadf-a70b36c06f4f,0000139405
06213059SQ20181005195615,b92670cd-31e8-7593-92bb-4544d5aea084,0000002767
30413584SQ20181006151813,3bd376d0-dfd0-6b52-a6a3-62773e95d137,0000489653
47117907SQ20181005195622,7bea8ef4-5c88-8580-9647-ea9db7041aec,0000188924
45417111SQ20181005195823,903546f3-4626-cb2f-69b7-148336c5025b,0000501190
04126988SQ20181027103338,9863cdb0-492a-a126-cd51-b44d0d4f73d8,0000636549
69127562SQ20181005195824,56183e70-3349-195c-7ae7-f6b697bbaf73,0000164149
66215147SQ20181005195838,fc2f18d9-5370-8f86-f4c7-e90d287ee476,0000591982
01769050SQ20181005200150,3115d6d9-8128-e3c9-9d12-db083666b6fb,0000215130
70112469SQ20181005200154,d43d9fff-1996-f960-2b21-7a496fec2391,0000016423
29312278SQ20181005200227,f42716ea-f72c-00e2-fe31-cd04c21d8dea,0000657361
13801364SQ20181005200146,8ff82670-29ba-e61c-63a1-08eebb5d1ee4,0000628055
99454304SQ20181005200149,b0e63c1c-4e60-81d4-ae8e-e2267d5cc925,0000508244
06213059SQ20181006162544,b92670cd-31e8-7593-92bb-4544d5aea084,0000002767
27225880SQ20181005200213,f9cde6e6-9046-c071-320c-97d0ff2142cf,0000628351
30714487SQ20181005195631,2a35daf0-3f53-6ea7-409a-d91c60af01d7,0000485065
47118487SQ20181005195640,eab63187-9f83-efd9-06fa-c4f14c53efee,0000610627
49411083SQ20181005195842,b0daa42c-dfc8-1915-a06b-726cb77d0ad3,0000102824
01766015AI5520180916100604,601524e2-9f0f-937e-57ed-ea083c3030f3,0000531315
45417111AI5520180916100351,903546f3-4626-cb2f-69b7-148336c5025b,0000501190
11114350AI5520180916100555,de62a194-e8db-94fd-a6b9-778583be9e8c,0000059218
90327874AI5520180916100358,fbeb85f9-50dc-2140-841b-eafe0e39bf2a,0000656809
72127795AI5520180916100358,4b96d4b4-7f53-3b4e-df36-8d9851f4a086,0000016764
16211601AI5520180916100553,5e5f5c5c-a142-e9cd-bf16-b17e2a5a5ae5,0000640045
19214791AI5520180916100406,1b92dd01-2068-507c-91e9-0cd04453fdcc,0000654554
53512172AI5520180916100358,56b49557-773f-f0eb-6ca7-ae9a06bd75fb,0000012552
00775258SQ20181006152138,5ba9f500-f428-149e-db86-d1389c517a2c,0000027292
49411083SQ20181006152133,b0daa42c-dfc8-1915-a06b-726cb77d0ad3,0000102824
27222188SQ20181006152119,28bac6f5-67e2-6ace-51e3-114f5a81c05c,0000505071
72216837SQ20181005200355,e53b9a83-1350-0ba1-2032-4180650815de,0000016970
21120161SQ20181005200237,4b8722c1-b608-cc9f-cfdb-467aec01490f,0000072616
14236741SQ20181005200242,73c9f910-515b-2098-6790-f6ee2975f7ba,0000508962
45318698UZA20181024144431,a0df10f3-06c9-412d-b8ed-10e5b97bbcea,0000589638
18112452WN220181112152318,000c93fe-b4a5-424a-f768-970b47dccac4,0000068836
70119615SQ20181011134733,762c7ff2-97a9-f41f-31e9-e9ed16bc07e7,0000632488
72315457SQ20181005201929,ae011694-6542-5f22-39bb-0e9976f201dc,0000499968
90282854SQ20181005201841,2fc93dbf-ef6d-9d20-5be8-804ceebdc159,0000534994
45600250SQ20181011134732,06e934d6-df66-d840-c726-2ae73201388c,0000617286
41122691SQ20181024113332,937780c1-5bd5-02ce-3cce-21a66c47654a,0000009863
41115019SQ20181005201849,6b927696-d712-3b10-3082-3464d410d3af,0000093842
20411501SQ20181005202036,4185a1d0-7fad-1a2d-a6eb-855a2feee2a5,0000071407
45117073SH20181031182819,2d251960-5f50-b77d-d20a-613cfd0aec4a,0000516895
09700550AI5520180917195032,4cf075b1-0301-560d-b8b1-2cb897ae7664,0000632152
24423496SQ20181006153659,f1c0cdee-3d16-0214-d91f-45993e67c78e,0000006921
01769490SQ20181005201841,7a7952ab-df97-f634-6894-0537bef0a822,0000657243
63210437SQ20181005202033,34c6ef8a-b5e0-1020-28e3-106e701f2c9d,0000014709
01766015SQ20181005201857,601524e2-9f0f-937e-57ed-ea083c3030f3,0000531315
20213714SQ20181006153654,2fb31311-250c-4810-e193-c5a52b2e9979,0000005826
39125187SQ20181006153701,b62d115f-8566-e96e-b0a6-0640575fb92b,0000557777
72222023AI5520180917194836,cba4f787-ae09-d729-48c0-61b6ba345c18,0000649109
65514720SQ20181222042208,657671eb-da27-301b-9b0f-33c6f81db122,0000637425
47118487SH20181024142212,06459e0a-0c4c-0fce-c07c-18536a737c9e,0000610627
99439631SQ20181027103336,9bbf5106-0ff4-0959-8d5a-f06db13a5538,0000155726
47118487AI5520180917194831,eab63187-9f83-efd9-06fa-c4f14c53efee,0000610627
66215147AI5520180917194832,fc2f18d9-5370-8f86-f4c7-e90d287ee476,0000591982
72314278AI5520180917195049,d64bda85-ea8b-1526-0c87-7622f266fa5f,0000017082
65517066AI5520180917194841,5e15a2ea-c8a4-ce46-8fa4-015662da0306,0000712943
30413584SQ20181027103345,b68d8898-c2bf-b970-465e-424be2defa0b,0000489653
72613247AI5520180917194850,9cd90667-a1d0-cbd4-aadf-a70b36c06f4f,0000139405
29312278AI5520180917194842,f42716ea-f72c-00e2-fe31-cd04c21d8dea,0000657361
18112452SL20181112152636,2c1d6bc0-8cf5-1cc7-4210-03fec4b7fc17,0000068836
98794926SQ20181018100427,52462c58-5a58-c242-92ce-9a3864cf93ea,0000639175
30413584SQ20181005201848,3bd376d0-dfd0-6b52-a6a3-62773e95d137,0000489653
59119267SQ20181006154219,445568c3-8e2d-55bb-240e-a0608af03d70,0000644355
45417111SQ20181024113313,a7e2b02d-c2b5-7d49-12f2-7be99c5198bb,0000501190
70110373SQ20181024113330,3cb848d8-75aa-8e59-8370-b591554ae271,0000016407
90327874SQ20181222042220,6df5f10f-85ca-be04-c33c-48a42c664fcc,0000656809
66215147SQ20181011134719,fc2f18d9-5370-8f86-f4c7-e90d287ee476,0000591982
45318698UWA20181024144035,a0df10f3-06c9-412d-b8ed-10e5b97bbcea,0000589638
30714487SQ20181011134838,2a35daf0-3f53-6ea7-409a-d91c60af01d7,0000485065
45318698UZA20181024144610,a0df10f3-06c9-412d-b8ed-10e5b97bbcea,0000589638
69127562SQ20181006173929,56183e70-3349-195c-7ae7-f6b697bbaf73,0000164149
11114350SQ20181102193445,b631a32c-4129-39bb-7a3e-06924584070f,0000059218
01769186SQ20181004193119,b7a59074-d057-6c72-f16b-c6e6074d5182,0000651735
16211601SQ20181004193103,5e5f5c5c-a142-e9cd-bf16-b17e2a5a5ae5,0000640045
01769186SQ20181005202624,b7a59074-d057-6c72-f16b-c6e6074d5182,0000651735
99455389SQ20181004193452,9c08b04a-2de0-7129-f06f-6b1efd92c5e4,0000531336
99459969SQ20181004192928,7f2ab596-94e7-23bb-535f-6d3501f73550,0000641289
04126360SQ20181004193019,01a4589d-73e6-bd28-103f-31d0d369d784,0000624345
72315457SQ20181004193014,ae011694-6542-5f22-39bb-0e9976f201dc,0000499968
30413584SQ20181006164958,3bd376d0-dfd0-6b52-a6a3-62773e95d137,0000489653
98794926SQ20181006164807,ff3f9fff-26be-dd76-63fe-d7850da81e5d,0000639175
59117090SQ20181006164956,07935152-f9fc-9d50-4d9c-7cfb829fcf47,0000560498
72133868SQ20181004193545,01a56fd2-449e-368f-20c3-4d586f405261,0000564143
99444004SQ20181004193701,ca647035-a06e-5f95-8d35-971deb15b2f3,0000156082
70112469SQ20181004193515,d43d9fff-1996-f960-2b21-7a496fec2391,0000016423
21120161SQ20181004193510,4b8722c1-b608-cc9f-cfdb-467aec01490f,0000072616
72132838SQ20181004193550,e54f8343-9c74-011f-73a8-bf794c5da4f3,0000550175
01769186SQ20181004195245,b7a59074-d057-6c72-f16b-c6e6074d5182,0000651735
70112469SQ20181006165450,d43d9fff-1996-f960-2b21-7a496fec2391,0000016423
72315457SQ20181004195236,ae011694-6542-5f22-39bb-0e9976f201dc,0000499968
72222023SQ20181004195454,cba4f787-ae09-d729-48c0-61b6ba345c18,0000649109
49411083SQ20181029145136,c8887124-8d6d-8a24-be41-1c8219736d48,0000102824
27222188SQ20181005202516,28bac6f5-67e2-6ace-51e3-114f5a81c05c,0000505071
72133635SQ20181004195819,60fbeabb-6b48-a038-8642-53332f692424,0000521318
65514720SQ20181004200020,b5deebe4-e07f-7067-09a8-1531bb129b94,0000637425
32113383SQ20181004195852,63daf762-3bcc-0645-b89e-1f6604ad06a1,0000626671
11615725SQ20181004200035,8f78d258-ed04-5dec-535c-c31f69483583,0000531663
65514393SQ20181004195808,46be447f-400a-4085-17af-ad77d6e8cb59,0000632628
13211213SQ20181004195925,c94315bd-1517-93b8-70e2-5d26a1f308fe,0000063555
00775258SQ20181004200040,5ba9f500-f428-149e-db86-d1389c517a2c,0000027292
21911086SQ20181004200043,6bed5119-c824-9a2f-04ea-66f11093652f,0000573403
04126988SQ20181004201958,39f65437-6c47-ccf4-2175-1bb8c476607e,0000636549
65510933SQ20181004201951,2cd576f0-9ab2-e828-0f3e-e32c9f345e0a,0000160267
69127562SQ20181004201845,56183e70-3349-195c-7ae7-f6b697bbaf73,0000164149
45117073SQ20181018100415,2d251960-5f50-b77d-d20a-613cfd0aec4a,0000516895
14227109SQ20181004202521,80d5d57c-499f-be9f-15f9-343e44a8ef21,0000005057
59117090SQ20181004202010,07935152-f9fc-9d50-4d9c-7cfb829fcf47,0000560498
45600250SQ20181004201948,06e934d6-df66-d840-c726-2ae73201388c,0000617286
11615725SQ20181006133659,8f78d258-ed04-5dec-535c-c31f69483583,0000531663
99444004SQ20181004202315,ca647035-a06e-5f95-8d35-971deb15b2f3,0000156082
72133868SQ20181004202535,01a56fd2-449e-368f-20c3-4d586f405261,0000564143
17113818SQ20181004202319,5450acc6-27e1-c3cb-8138-78ea5403b1e8,0000618092
29312278SQ20181004202546,f42716ea-f72c-00e2-fe31-cd04c21d8dea,0000657361
09414729SQ20181004202546,a7afd10e-57ca-1c2d-d73b-8fe07216ff69,0000269867
98794926SQ20181011134854,ff3f9fff-26be-dd76-63fe-d7850da81e5d,0000639175
30714487SQ20181004204631,2a35daf0-3f53-6ea7-409a-d91c60af01d7,0000485065
65514393SQ20181004204421,46be447f-400a-4085-17af-ad77d6e8cb59,0000632628
98794926SQ20181004204619,ff3f9fff-26be-dd76-63fe-d7850da81e5d,0000639175
06213059SQ20181004204517,b92670cd-31e8-7593-92bb-4544d5aea084,0000002767
57303253SQ20181004204425,df8be354-ab5b-e850-c3ad-c17168e4d949,0000648734
45600250SQ20181004205208,06e934d6-df66-d840-c726-2ae73201388c,0000617286
32300206SQ20181004205016,4d54404c-171d-d610-84ce-3fe654deede5,0000282737
72613247SQ20181004204439,9cd90667-a1d0-cbd4-aadf-a70b36c06f4f,0000139405
90327874SQ20181004205000,fbeb85f9-50dc-2140-841b-eafe0e39bf2a,0000656809
24423496SQ20181004205155,f1c0cdee-3d16-0214-d91f-45993e67c78e,0000006921
39125187SQ20181004204444,b62d115f-8566-e96e-b0a6-0640575fb92b,0000557777
17212658SQ20181004205007,6e7915a9-aa6e-ac9c-924a-6c394ad60a2a,0000631481
24411288ES20181112160237,948555d8-3ac5-74e4-fd78-2e652849fcb6,0000006868
47118487SQ20181011134643,eab63187-9f83-efd9-06fa-c4f14c53efee,0000610627
99454304SQ20181005202609,b0e63c1c-4e60-81d4-ae8e-e2267d5cc925,0000508244
70119615AI5520180917201225,762c7ff2-97a9-f41f-31e9-e9ed16bc07e7,0000632488
49411083AI5520180917201231,b0daa42c-dfc8-1915-a06b-726cb77d0ad3,0000102824
65114676SQ20181004210822,2acd34a8-6b87-3576-3382-cfbadaef0a75,0000015036
98794926SQ20181004210748,ff3f9fff-26be-dd76-63fe-d7850da81e5d,0000639175
70119615SQ20181004210755,762c7ff2-97a9-f41f-31e9-e9ed16bc07e7,0000632488
13801364SQ20181004210927,8ff82670-29ba-e61c-63a1-08eebb5d1ee4,0000628055
72133509SQ20181004210730,5ea43c76-dd28-54a9-6bee-5e90f37e8347,0000550654
01769490SQ20181004210829,7a7952ab-df97-f634-6894-0537bef0a822,0000657243
72222023AI5520180917201239,cba4f787-ae09-d729-48c0-61b6ba345c18,0000649109
30413584AI5520180917201245,3bd376d0-dfd0-6b52-a6a3-62773e95d137,0000489653
00770198EQ20180820104940,a360c7bd-34d5-4bc1-b92a-0f8c5e6f93a8,0000000389
99454304AI5520180917201439,b0e63c1c-4e60-81d4-ae8e-e2267d5cc925,0000508244
21123863AI5520180917201441,d9518b89-8726-6ccf-af1c-3e1d8e1436f5,0000221584
21120161AI5520180917201240,4b8722c1-b608-cc9f-cfdb-467aec01490f,0000072616
63613199AI5520180917201245,6cd7e863-e970-f46c-7476-b4a7ab521a77,0000195560
90327874SQ20181004211357,fbeb85f9-50dc-2140-841b-eafe0e39bf2a,0000656809
67411852AI5520180917201233,c1e40e8c-b10c-72c8-6029-d1f938cfa3ae,0000626786
72132838AI5520180917201244,e54f8343-9c74-011f-73a8-bf794c5da4f3,0000550175
72133635SQ20181005202615,60fbeabb-6b48-a038-8642-53332f692424,0000521318
37131355AI5520180917201306,626c27d2-9bd8-f13d-9dad-3124feaba017,0000658348
63314777SQ20181005195635,fa64ace1-01b4-efda-ad1a-54354e2cb588,0000195464
01769762SQ20181005195622,03fccc68-28de-e4e7-07fe-1faa20fc685f,0000661322
45313936SQ20181005195629,9a0d114c-e8a2-86c7-394c-1e7b403e919c,0000098610
99444004SQ20181005200355,ca647035-a06e-5f95-8d35-971deb15b2f3,0000156082
37131355SQ20181005200144,626c27d2-9bd8-f13d-9dad-3124feaba017,0000658348
32300206AI5520180917201450,4d54404c-171d-d610-84ce-3fe654deede5,0000282737
09700550SQ20181005195621,4cf075b1-0301-560d-b8b1-2cb897ae7664,0000632152
32113383SQ20181005200243,63daf762-3bcc-0645-b89e-1f6604ad06a1,0000626671
72127795SQ20181005200202,4b96d4b4-7f53-3b4e-df36-8d9851f4a086,0000016764
45118388AI5520180917201458,be3e6a62-af32-415d-68fe-1902ef49c380,0000584912
63613199SQ20181005201933,6cd7e863-e970-f46c-7476-b4a7ab521a77,0000195560
09414729SQ20181005201839,a7afd10e-57ca-1c2d-d73b-8fe07216ff69,0000269867
67411852SQ20181005202037,c1e40e8c-b10c-72c8-6029-d1f938cfa3ae,0000626786
45313936SQ20181005201842,9a0d114c-e8a2-86c7-394c-1e7b403e919c,0000098610
47117907SQ20181005202047,7bea8ef4-5c88-8580-9647-ea9db7041aec,0000188924
70111756SQ20181011134724,3d83fe5c-d5f8-e6cc-5520-6673804b123e,0000135063
29312278SQ20181005202433,f42716ea-f72c-00e2-fe31-cd04c21d8dea,0000657361
41122691SQ20181005202508,6694c67a-5412-0ec6-f21a-1a1a081c54ab,0000009863
41115019SQ20181005202508,6b927696-d712-3b10-3082-3464d410d3af,0000093842
24423496SQ20181005202615,f1c0cdee-3d16-0214-d91f-45993e67c78e,0000006921
16211601SQ20181017142228,ed51d594-016f-7fa3-bd73-cb9766c0b231,0000640045
25210680SQ20181005202409,82c64d9e-1bea-2af6-a4c4-b277cdc11958,0000078417
70110373SQ20181012151847,b66cd9bf-0fd5-79f1-5674-1e9e0b4783a4,0000016407
13211213SQ20181005202422,c94315bd-1517-93b8-70e2-5d26a1f308fe,0000063555
01769762SQ20181005202413,03fccc68-28de-e4e7-07fe-1faa20fc685f,0000661322
00763309EQ20181112171824,9e19699a-3a66-2ba3-c0b4-5b5e4ce61c41,0000000344
45600250SQ20181005204509,06e934d6-df66-d840-c726-2ae73201388c,0000617286
70119615SQ20181005204708,762c7ff2-97a9-f41f-31e9-e9ed16bc07e7,0000632488
65514720SQ20181005205150,b5deebe4-e07f-7067-09a8-1531bb129b94,0000637425
45600551SQ20181006160146,49673b6e-caba-69d4-e28c-25e303c41b07,0000643479
41115019SQ20181005205256,6b927696-d712-3b10-3082-3464d410d3af,0000093842
72110427SQ20181005205150,5c9131a1-90cc-3b15-21ff-98245e86fde1,0000016628
16211601SQ20181005204606,5e5f5c5c-a142-e9cd-bf16-b17e2a5a5ae5,0000640045
47117907SQ20181005204528,7bea8ef4-5c88-8580-9647-ea9db7041aec,0000188924
11615725SQ20181006160153,8f78d258-ed04-5dec-535c-c31f69483583,0000531663
70111756SQ20181005204600,3d83fe5c-d5f8-e6cc-5520-6673804b123e,0000135063
19214791SQ20181005202437,1b92dd01-2068-507c-91e9-0cd04453fdcc,0000654554
65514393SQ20181006174854,46be447f-400a-4085-17af-ad77d6e8cb59,0000632628
70119615SQ20181006174847,762c7ff2-97a9-f41f-31e9-e9ed16bc07e7,0000632488
13801364SQ20181005202441,8ff82670-29ba-e61c-63a1-08eebb5d1ee4,0000628055
13111689SQ20181005204618,0e5e0dbe-a17e-313a-ab83-0e7c0cb8cb6f,0000004487
00775258SQ20181005205108,5ba9f500-f428-149e-db86-d1389c517a2c,0000027292
00770198EQ20180828162154,a360c7bd-34d5-4bc1-b92a-0f8c5e6f93a8,0000000389
99825193TY20181101150207,8c96dd20-e59c-48bb-aebd-d653942fac3e,0000694868
00770198SK20181010135014,e00e8388-56e5-4fa9-95f5-4f1aed7a7cee,0000000389
00770198EG20181010135121,690a96e4-4b63-4d49-959d-891b4fa5d1b1,0000000389
67411852SQ20181024113227,71c99574-359e-06c0-df72-a2cb527686d5,0000626786
21120161SQ20181005211223,4b8722c1-b608-cc9f-cfdb-467aec01490f,0000072616
45417111SQ20181005211228,903546f3-4626-cb2f-69b7-148336c5025b,0000501190
39125187SQ20181005211317,b62d115f-8566-e96e-b0a6-0640575fb92b,0000557777
30413584SQ20181222020300,b68d8898-c2bf-b970-465e-424be2defa0b,0000489653
01769186SQ20181005211421,b7a59074-d057-6c72-f16b-c6e6074d5182,0000651735
98764356SQ20181031184209,2d25536a-dbb0-b296-317e-6689c5ad5b71,0000019731
65510933SQ20181005212004,2cd576f0-9ab2-e828-0f3e-e32c9f345e0a,0000160267
70111756SQ20181005211432,3d83fe5c-d5f8-e6cc-5520-6673804b123e,0000135063
09414729SQ20181005211952,a7afd10e-57ca-1c2d-d73b-8fe07216ff69,0000269867
70110373SQ20181005211435,b66cd9bf-0fd5-79f1-5674-1e9e0b4783a4,0000016407
04126988SQ20181006133624,39f65437-6c47-ccf4-2175-1bb8c476607e,0000636549
13211213SQ20181005211842,c94315bd-1517-93b8-70e2-5d26a1f308fe,0000063555
27222188SQ20181005211850,28bac6f5-67e2-6ace-51e3-114f5a81c05c,0000505071
49411083SQ20181005204708,b0daa42c-dfc8-1915-a06b-726cb77d0ad3,0000102824
99439631SQ20181005204704,0c9543b3-affe-a541-a5e4-caddd1377482,0000155726
47118487SQ20181005213501,eab63187-9f83-efd9-06fa-c4f14c53efee,0000610627
21911086SQ20181005213845,6bed5119-c824-9a2f-04ea-66f11093652f,0000573403
65517066SQ20181006175045,5e15a2ea-c8a4-ce46-8fa4-015662da0306,0000712943
13801364SQ20181005214013,8ff82670-29ba-e61c-63a1-08eebb5d1ee4,0000628055
49411083SQ20181005213447,b0daa42c-dfc8-1915-a06b-726cb77d0ad3,0000102824
14236741SQ20181005213822,73c9f910-515b-2098-6790-f6ee2975f7ba,0000508962
17113818SQ20181005213904,5450acc6-27e1-c3cb-8138-78ea5403b1e8,0000618092
90327874SQ20181005213900,fbeb85f9-50dc-2140-841b-eafe0e39bf2a,0000656809
63315024SQ20181005213922,c488c2f1-fd0d-5d79-bbd9-39fba3a6ec05,0000550124
65114676SQ20181011134837,2acd34a8-6b87-3576-3382-cfbadaef0a75,0000015036
41122691SQ20181002194657,6694c67a-5412-0ec6-f21a-1a1a081c54ab,0000009863
09912706SQ20181012151848,093dd0b2-3976-e424-78d5-24889351b70c,0000003868
24423496SQ20181005205115,f1c0cdee-3d16-0214-d91f-45993e67c78e,0000006921
01769490SQ20181002194503,7a7952ab-df97-f634-6894-0537bef0a822,0000657243
99459969SQ20181006110211,7f2ab596-94e7-23bb-535f-6d3501f73550,0000641289
90327874SQ20181006110406,fbeb85f9-50dc-2140-841b-eafe0e39bf2a,0000656809
72222023SQ20181006110423,cba4f787-ae09-d729-48c0-61b6ba345c18,0000649109
65425329SQ20181006110206,edfd95e6-6fc5-61ac-633e-bdc4a8616755,0000015545
72222023SQ20181002194521,cba4f787-ae09-d729-48c0-61b6ba345c18,0000649109
65517066SQ20181006110301,5e15a2ea-c8a4-ce46-8fa4-015662da0306,0000712943
65510933SQ20181002194636,2cd576f0-9ab2-e828-0f3e-e32c9f345e0a,0000160267
14236741SQ20181006110843,73c9f910-515b-2098-6790-f6ee2975f7ba,0000508962
01728228SQ20181002194636,86fa52a3-268e-7d05-d31e-b58770aa6f32,0000001321
01769050SQ20181002194455,3115d6d9-8128-e3c9-9d12-db083666b6fb,0000215130
45600250SQ20181006110750,06e934d6-df66-d840-c726-2ae73201388c,0000617286
21120161SQ20181006110807,4b8722c1-b608-cc9f-cfdb-467aec01490f,0000072616
25210680SQ20181006110858,82c64d9e-1bea-2af6-a4c4-b277cdc11958,0000078417
59119267SQ20181006110838,445568c3-8e2d-55bb-240e-a0608af03d70,0000644355
45118388SQ20181006112921,be3e6a62-af32-415d-68fe-1902ef49c380,0000584912
53223474SQ20181006112839,84719b3d-47b1-d087-ab4d-f9e7df70ed18,0000490263
90327874SQ20181006112920,fbeb85f9-50dc-2140-841b-eafe0e39bf2a,0000656809
27131086SQ20181006113018,de2beb89-4cad-d36f-4e0b-a237275f4b03,0000617126
90282854SQ20181011134742,2fc93dbf-ef6d-9d20-5be8-804ceebdc159,0000534994
24423496SQ20181006113648,f1c0cdee-3d16-0214-d91f-45993e67c78e,0000006921
70119615SQ20181002194643,762c7ff2-97a9-f41f-31e9-e9ed16bc07e7,0000632488
32113383SQ20181006113605,63daf762-3bcc-0645-b89e-1f6604ad06a1,0000626671
57303253SQ20181002194707,df8be354-ab5b-e850-c3ad-c17168e4d949,0000648734
27225880SQ20181006113021,f9cde6e6-9046-c071-320c-97d0ff2142cf,0000628351
63314777SQ20181002194444,fa64ace1-01b4-efda-ad1a-54354e2cb588,0000195464
04126360SQ20181006113513,01a4589d-73e6-bd28-103f-31d0d369d784,0000624345
00727925SK20190222110957,44de6e72-0641-4430-b05c-38c7b117024b,0000000138
99439631SQ20181002194645,0c9543b3-affe-a541-a5e4-caddd1377482,0000155726
20213714SQ20181006115448,2fb31311-250c-4810-e193-c5a52b2e9979,0000005826
04126988SQ20181006115455,39f65437-6c47-ccf4-2175-1bb8c476607e,0000636549
65425329SQ20181006115651,edfd95e6-6fc5-61ac-633e-bdc4a8616755,0000015545
99439631SQ20181006133712,0c9543b3-affe-a541-a5e4-caddd1377482,0000155726
65425329SQ20181006160716,edfd95e6-6fc5-61ac-633e-bdc4a8616755,0000015545
17212658SQ20181006120100,6e7915a9-aa6e-ac9c-924a-6c394ad60a2a,0000631481
57303253SQ20181006133724,df8be354-ab5b-e850-c3ad-c17168e4d949,0000648734
14236741SQ20181006120020,73c9f910-515b-2098-6790-f6ee2975f7ba,0000508962
72133509SQ20181006120201,5ea43c76-dd28-54a9-6bee-5e90f37e8347,0000550654
69127562SQ20181005205300,56183e70-3349-195c-7ae7-f6b697bbaf73,0000164149
72133635SQ20181006120115,60fbeabb-6b48-a038-8642-53332f692424,0000521318
01769762SQ20181006120012,03fccc68-28de-e4e7-07fe-1faa20fc685f,0000661322
01769050SQ20181006121553,3115d6d9-8128-e3c9-9d12-db083666b6fb,0000215130
11114350SQ20181006121537,de62a194-e8db-94fd-a6b9-778583be9e8c,0000059218
39125187SQ20181006121534,b62d115f-8566-e96e-b0a6-0640575fb92b,0000557777
80032445SQ20181005205309,c6e70be3-ba6c-2717-f1e9-4b961a7611fd,0000017627
47118487SQ20181005204712,eab63187-9f83-efd9-06fa-c4f14c53efee,0000610627
25210680SQ20181006122221,82c64d9e-1bea-2af6-a4c4-b277cdc11958,0000078417
99444004SQ20181006122102,ca647035-a06e-5f95-8d35-971deb15b2f3,0000156082
13801364SQ20181005204604,8ff82670-29ba-e61c-63a1-08eebb5d1ee4,0000628055
65517066SQ20181006121551,5e15a2ea-c8a4-ce46-8fa4-015662da0306,0000712943
72133509SQ20181006122123,5ea43c76-dd28-54a9-6bee-5e90f37e8347,0000550654
72133635SQ20181006122333,60fbeabb-6b48-a038-8642-53332f692424,0000521318
01769762SQ20181006122154,03fccc68-28de-e4e7-07fe-1faa20fc685f,0000661322
41115019SQ20181025140044,179b2693-da67-47f0-2cc7-d5e8d6a177d4,0000093842
27131086SQ20181006122154,de2beb89-4cad-d36f-4e0b-a237275f4b03,0000617126
13211213SQ20181006122159,c94315bd-1517-93b8-70e2-5d26a1f308fe,0000063555
66215147SQ20181006124203,fc2f18d9-5370-8f86-f4c7-e90d287ee476,0000591982
72613247SQ20181006124358,9cd90667-a1d0-cbd4-aadf-a70b36c06f4f,0000139405
11615725SQ20181006124220,8f78d258-ed04-5dec-535c-c31f69483583,0000531663
30413584SQ20181006124419,3bd376d0-dfd0-6b52-a6a3-62773e95d137,0000489653
20213714SQ20181006124227,2fb31311-250c-4810-e193-c5a52b2e9979,0000005826
72315457SQ20181006124219,ae011694-6542-5f22-39bb-0e9976f201dc,0000499968
09414729SQ20181006124402,a7afd10e-57ca-1c2d-d73b-8fe07216ff69,0000269867
59119267SQ20181006124739,445568c3-8e2d-55bb-240e-a0608af03d70,0000644355
37131355SQ20181012162353,d550cca4-ae8a-1291-aa78-84e3d70b4b8a,0000658348
14236741SQ20181012162215,a108cf6c-099a-85df-c4f9-0babaa7d592c,0000508962
00763309NH20190123145023,c546a2ef-cad1-7e0b-99b6-790f1eb377dc,0000000344
45118388SQ20181012162427,082ffafb-f5da-d46f-8639-692a78156a57,0000584912
72222023SQ20181006130916,cba4f787-ae09-d729-48c0-61b6ba345c18,0000649109
63314777SQ20181005204607,fa64ace1-01b4-efda-ad1a-54354e2cb588,0000195464
01769050SQ20181005204603,3115d6d9-8128-e3c9-9d12-db083666b6fb,0000215130
27225880SQ20181006134305,f9cde6e6-9046-c071-320c-97d0ff2142cf,0000628351
20213714SQ20181022174945,b836e7fc-df72-5279-baeb-4b0c15cc3354,0000005826
04126360SQ20181006130828,01a4589d-73e6-bd28-103f-31d0d369d784,0000624345
11114350SQ20181006130744,de62a194-e8db-94fd-a6b9-778583be9e8c,0000059218
45318698UWA20181024172248,37a863b2-332f-9114-a567-f03038f6e512,0000589638
01769186SQ20181005204518,b7a59074-d057-6c72-f16b-c6e6074d5182,0000651735
01769186SQ20181006175040,b7a59074-d057-6c72-f16b-c6e6074d5182,0000651735
17212658SQ20181006134144,6e7915a9-aa6e-ac9c-924a-6c394ad60a2a,0000631481
00763309TH220180823133353,e345c70b-4c35-765f-f100-c1568a4ee1f9,0000000344
72110427SH20181031183019,7b9b9e8d-bc24-bf2b-8249-8bf40ea152f8,0000016628
01766015SQ20181006134322,601524e2-9f0f-937e-57ed-ea083c3030f3,0000531315
45117073SQ20181006174842,74d34b16-ff3b-550b-b7ad-099d2b9cfb56,0000516895
45118388SQ20181101170823,082ffafb-f5da-d46f-8639-692a78156a57,0000584912
65514720SQ20181006133534,b5deebe4-e07f-7067-09a8-1531bb129b94,0000637425
24423496SQ20181006174847,f1c0cdee-3d16-0214-d91f-45993e67c78e,0000006921
01728228SQ20181006133618,86fa52a3-268e-7d05-d31e-b58770aa6f32,0000001321
04126360SQ20181012162246,a750d5f6-6c4f-e39e-51c6-11d88b8498d2,0000624345
30714487SQ20181005204708,2a35daf0-3f53-6ea7-409a-d91c60af01d7,0000485065
01769490SQ20181005204609,7a7952ab-df97-f634-6894-0537bef0a822,0000657243
72132838SQ20181005205250,e54f8343-9c74-011f-73a8-bf794c5da4f3,0000550175
27131086SQ20181006134126,de2beb89-4cad-d36f-4e0b-a237275f4b03,0000617126
53511786SQ20181006134054,2d318951-70c9-177a-a724-79638bffbf00,0000108027
09414729SQ20181006134110,a7afd10e-57ca-1c2d-d73b-8fe07216ff69,0000269867
07415757SQ20181005205250,2fa34e74-965f-7201-b08c-77b266dea6ee,0000632550
45313936SQ20181002200640,9a0d114c-e8a2-86c7-394c-1e7b403e919c,0000098610
65514720SQ20181019193638,657671eb-da27-301b-9b0f-33c6f81db122,0000637425
99825193SQ20181215200333,facbda64-4d4b-db31-7117-067866fe1a8d,0000694868
63613199SQ20181006134239,6cd7e863-e970-f46c-7476-b4a7ab521a77,0000195560
72133868SQ20181005205059,01a56fd2-449e-368f-20c3-4d586f405261,0000564143
01769762SQ20181005205126,03fccc68-28de-e4e7-07fe-1faa20fc685f,0000661322
06213059SQ20181024165551,a1a3622a-7c13-99a7-dff6-aa3b39c08e3f,0000002767
00763309TH220180823103033,c25924ed-6691-1591-c7f8-88ed6ea4c702,0000000344
99455389SQ20181101170731,32bfbb79-f204-54fe-ff33-46374a1b4cfe,0000531336
72133635SQ20181006134239,60fbeabb-6b48-a038-8642-53332f692424,0000521318
99825193EQ20180821142655,1df855a2-ad44-815a-dd34-c9c70f6e6b24,0000694868
69127562SQ20181006134239,56183e70-3349-195c-7ae7-f6b697bbaf73,0000164149
41115019SQ20181006134239,6b927696-d712-3b10-3082-3464d410d3af,0000093842
65114676SQ20181002200427,2acd34a8-6b87-3576-3382-cfbadaef0a75,0000015036
32113383SQ20181006134304,63daf762-3bcc-0645-b89e-1f6604ad06a1,0000626671
45118388SQ20181005211229,be3e6a62-af32-415d-68fe-1902ef49c380,0000584912
41122691SQ20181002200637,6694c67a-5412-0ec6-f21a-1a1a081c54ab,0000009863
72133868SQ20181024113150,2e4dcba8-2c32-0a7e-89c6-cd4ab27bc824,0000564143
72315978EQ20180824130021,ad144a07-7339-7389-5b7b-689be19c219b,0000199220
72315978EQ20180824130151,ad144a07-7339-7389-5b7b-689be19c219b,0000199220
06213059SQ20181005211426,b92670cd-31e8-7593-92bb-4544d5aea084,0000002767
47117907SQ20181002200405,7bea8ef4-5c88-8580-9647-ea9db7041aec,0000188924
72222023SQ20181005211234,cba4f787-ae09-d729-48c0-61b6ba345c18,0000649109
00763309EN0120180821144119,beffa86e-cf47-6dba-120d-c57846f67d6f,0000000344
65517066SQ20181005211315,5e15a2ea-c8a4-ce46-8fa4-015662da0306,0000712943
66215147SQ20181002200628,fc2f18d9-5370-8f86-f4c7-e90d287ee476,0000591982
72613247SQ20181002200438,9cd90667-a1d0-cbd4-aadf-a70b36c06f4f,0000139405
99439631SQ20181005211237,0c9543b3-affe-a541-a5e4-caddd1377482,0000155726
16211601SQ20181005211424,5e5f5c5c-a142-e9cd-bf16-b17e2a5a5ae5,0000640045
14227109SQ20181005211322,80d5d57c-499f-be9f-15f9-343e44a8ef21,0000005057
67411852SQ20181005211243,c1e40e8c-b10c-72c8-6029-d1f938cfa3ae,0000626786
45600551SQ20181005211245,49673b6e-caba-69d4-e28c-25e303c41b07,0000643479
01769490SQ20181006174854,7a7952ab-df97-f634-6894-0537bef0a822,0000657243
99825193AI5520180914200359,579138f7-5640-c9a7-d53d-ccdef77cac8f,0000694868
01769050SQ20181002200450,3115d6d9-8128-e3c9-9d12-db083666b6fb,0000215130
01728228SQ20181011134719,86fa52a3-268e-7d05-d31e-b58770aa6f32,0000001321
53511786SQ20181005211755,2d318951-70c9-177a-a724-79638bffbf00,0000108027
98764356SQ20181005211807,3209bf7c-0d1f-0346-cfb7-b2feba246c61,0000019731
99825193AI5520180913210624,579138f7-5640-c9a7-d53d-ccdef77cac8f,0000694868
17212658SQ20181005211948,6e7915a9-aa6e-ac9c-924a-6c394ad60a2a,0000631481
99825193SQ20181004204416,579138f7-5640-c9a7-d53d-ccdef77cac8f,0000694868
30413584SQ20181005211754,3bd376d0-dfd0-6b52-a6a3-62773e95d137,0000489653
29312278SQ20181005211956,f42716ea-f72c-00e2-fe31-cd04c21d8dea,0000657361
72216837SQ20181222042151,09545d27-40aa-f17e-3284-00e6ed6c603a,0000016970
29312278SQ20181011134636,f42716ea-f72c-00e2-fe31-cd04c21d8dea,0000657361
32113383SQ20181222042239,7d8f223c-a840-a475-7fa1-fe417df01a0d,0000626671
18112452SK20181112152709,2c1d6bc0-8cf5-1cc7-4210-03fec4b7fc17,0000068836
01769186SQ20181006162411,b7a59074-d057-6c72-f16b-c6e6074d5182,0000651735
16211601SQ20181011134839,5e5f5c5c-a142-e9cd-bf16-b17e2a5a5ae5,0000640045
41115019SQ20181005211806,6b927696-d712-3b10-3082-3464d410d3af,0000093842
01769050SQ20181011134719,3115d6d9-8128-e3c9-9d12-db083666b6fb,0000215130
67411852SQ20181011134724,c1e40e8c-b10c-72c8-6029-d1f938cfa3ae,0000626786
70112469SQ20181005211811,d43d9fff-1996-f960-2b21-7a496fec2391,0000016423
65514393AI5520180913210516,46be447f-400a-4085-17af-ad77d6e8cb59,0000632628
14236741SQ20181005212005,73c9f910-515b-2098-6790-f6ee2975f7ba,0000508962
70112469SQ20181006140748,d43d9fff-1996-f960-2b21-7a496fec2391,0000016423
39125187SQ20181012162202,8d6cef36-eee8-db49-794d-faea03a54a83,0000557777
13801364SQ20181222042220,1c5d80ae-c2d4-8698-1934-88a5eeb3c888,0000628055
63315024SQ20181025172352,d767dc51-354f-41c5-1c03-608d4959af42,0000550124
99825193AI5520180915100606,579138f7-5640-c9a7-d53d-ccdef77cac8f,0000694868
57303253SQ20181006142531,df8be354-ab5b-e850-c3ad-c17168e4d949,0000648734
11114350SQ20181005213457,de62a194-e8db-94fd-a6b9-778583be9e8c,0000059218
27225880AI5520180914133729,f9cde6e6-9046-c071-320c-97d0ff2142cf,0000628351
45117073SQ20181012151848,74d34b16-ff3b-550b-b7ad-099d2b9cfb56,0000516895
09912706SQ20181006143103,093dd0b2-3976-e424-78d5-24889351b70c,0000003868
13111689SQ20181024113336,392f268c-c9db-f63f-0265-44a6d5001cc1,0000004487
20213714SQ20181005213913,2fb31311-250c-4810-e193-c5a52b2e9979,0000005826
99439631SQ20181002202537,0c9543b3-affe-a541-a5e4-caddd1377482,0000155726
65510933SQ20181002202528,2cd576f0-9ab2-e828-0f3e-e32c9f345e0a,0000160267
30413584AI5520180914200411,3bd376d0-dfd0-6b52-a6a3-62773e95d137,0000489653
21120161SQ20181005213832,4b8722c1-b608-cc9f-cfdb-467aec01490f,0000072616
45600551SQ20181002202702,49673b6e-caba-69d4-e28c-25e303c41b07,0000643479
01766015SQ20181002202512,601524e2-9f0f-937e-57ed-ea083c3030f3,0000531315
13801364AI5520180913210616,8ff82670-29ba-e61c-63a1-08eebb5d1ee4,0000628055
65514393SQ20181005213832,46be447f-400a-4085-17af-ad77d6e8cb59,0000632628
24423496SQ20181005214009,f1c0cdee-3d16-0214-d91f-45993e67c78e,0000006921
99444004AI5520180916100608,ca647035-a06e-5f95-8d35-971deb15b2f3,0000156082
63613199SQ20181005213822,6cd7e863-e970-f46c-7476-b4a7ab521a77,0000195560
20213714AI5520180913210752,2fb31311-250c-4810-e193-c5a52b2e9979,0000005826
59117090SQ20181006153849,07935152-f9fc-9d50-4d9c-7cfb829fcf47,0000560498
99439631SQ20181006153652,0c9543b3-affe-a541-a5e4-caddd1377482,0000155726
13111689SQ20181011163341,0e5e0dbe-a17e-313a-ab83-0e7c0cb8cb6f,0000004487
72133868AI5520180913211213,01a56fd2-449e-368f-20c3-4d586f405261,0000564143
14227109AI5520180917201229,80d5d57c-499f-be9f-15f9-343e44a8ef21,0000005057
20411501SQ20181215200306,335dbf5a-4844-44e1-353f-b8a76f546129,0000071407
72222023SQ20181215200321,f9ec45af-c4ce-61ae-5423-9c42002ff6b7,0000649109
09700550SQ20181002194638,4cf075b1-0301-560d-b8b1-2cb897ae7664,0000632152
07415757SQ20181005213909,2fa34e74-965f-7201-b08c-77b266dea6ee,0000632550
99444004SQ20181005213825,ca647035-a06e-5f95-8d35-971deb15b2f3,0000156082
09414729SQ20181005214022,a7afd10e-57ca-1c2d-d73b-8fe07216ff69,0000269867
59119267SQ20181005213804,445568c3-8e2d-55bb-240e-a0608af03d70,0000644355
04126988SQ20181002202506,39f65437-6c47-ccf4-2175-1bb8c476607e,0000636549
19214791SQ20181005214026,1b92dd01-2068-507c-91e9-0cd04453fdcc,0000654554
30714487SQ20181005214025,2a35daf0-3f53-6ea7-409a-d91c60af01d7,0000485065
72613247SQ20181006142519,9cd90667-a1d0-cbd4-aadf-a70b36c06f4f,0000139405
63210437AI5520180914133652,34c6ef8a-b5e0-1020-28e3-106e701f2c9d,0000014709
99454304SQ20181005214036,b0e63c1c-4e60-81d4-ae8e-e2267d5cc925,0000508244
72133509SQ20181005213845,5ea43c76-dd28-54a9-6bee-5e90f37e8347,0000550654
99439631AI5520180914133821,0c9543b3-affe-a541-a5e4-caddd1377482,0000155726
57303253AI5520180914133929,df8be354-ab5b-e850-c3ad-c17168e4d949,0000648734
72127795AI5520180914133938,4b96d4b4-7f53-3b4e-df36-8d9851f4a086,0000016764
53512172SQ20181005214017,56b49557-773f-f0eb-6ca7-ae9a06bd75fb,0000012552
20411501SQ20181002202716,4185a1d0-7fad-1a2d-a6eb-855a2feee2a5,0000071407
01769050SQ20181006162441,3115d6d9-8128-e3c9-9d12-db083666b6fb,0000215130
69127562SQ20181102194852,f51551ca-e3f0-94e5-f952-118c2b8125ba,0000164149
01728228SQ20181002202516,86fa52a3-268e-7d05-d31e-b58770aa6f32,0000001321
99825193AI5520180917201343,579138f7-5640-c9a7-d53d-ccdef77cac8f,0000694868
45313936SQ20181006143256,9a0d114c-e8a2-86c7-394c-1e7b403e919c,0000098610
01728228SQ20181028103241,dcd84242-7fe9-7612-f929-818a787cc4a5,0000001321
