"applicationid","applicationno","agentid","updatedate"
"41497","620000025","0000632152","2019-07-12 11:50:45.974"
"36131","610010881","0000632152","2019-07-12 09:59:42.834"
"41272","610016088","0000632152","2019-07-12 09:59:42.832"
"36234","610010986","0000632152","2019-07-12 09:59:42.831"
"37761","610012507","0000632152","2019-07-12 09:59:42.829"
"37202","610011956","0000632152","2019-07-12 09:59:42.827"
"39101","610013883","0000632152","2019-07-12 09:59:42.821"
"00033334","610007923","0000632152","2019-07-12 09:59:42.767"
"00033146","610007712","0000632152","2019-07-12 09:59:42.766"
"40341","610015130","0000632152","2019-07-12 09:59:42.764"
"39499","610014284","0000632152","2019-07-12 09:59:42.762"
"38250","610013010","0000632152","2019-07-12 09:59:42.76"
"40930","610015716","0000632152","2019-07-12 09:59:42.755"
"48824","256200000162","0000591523","2019-07-08 11:23:27.385"
"48820","620007523","0000591523","2019-07-04 09:51:41.177"
"48807","256200000150","0000541074","2019-07-02 16:53:16.487"
"48806","256200000149","0000541074","2019-07-02 16:49:28.385"
"48805","256200000148","0000000819","2019-07-02 16:47:35.122"
"48803","256200000146","0000541074","2019-07-02 16:35:06.77"
"48799","620007511","0000704375","2019-06-28 16:31:50.412"
"48794","256200000137","0000000162","2019-06-28 15:53:13.771"
"48785","256200000132","0000000162","2019-06-28 15:38:05.56"
"48791","256200000136","0000000162","2019-06-28 15:37:14.451"
"48792","620007502","0000004522","2019-06-28 15:20:57.693"
"48788","620007501","0000004522","2019-06-28 15:11:40.605"
"48789","256200000133","0000017639","2019-06-28 15:11:35.327"
"48782","256200000128","0000000819","2019-06-18 11:59:16.779"
"48781","620007490","0000657361","2019-06-17 19:30:41.123"
"48780","620007489","0000337497","2019-06-17 19:30:32.15"
"48779","620007488","0000027292","2019-06-17 19:30:03.086"
"48778","620007486","0000093842","2019-06-17 19:30:02.594"
"48777","620007487","0000632550","2019-06-17 19:29:56.335"
"48776","620007485","0000006921","2019-06-17 19:28:27.732"
"48775","620007484","0000012552","2019-06-17 19:27:55.14"
"48774","620007483","0000550175","2019-06-17 19:27:19.727"
"48773","620007482","0000564143","2019-06-17 19:26:53.908"
"48772","620007481","0000617286","2019-06-17 19:26:30.189"
"48771","620007480","0000560498","2019-06-17 19:26:27.675"
"48770","620007472","0000531336","2019-06-17 19:26:14.755"
"48769","620007479","0000628351","2019-06-17 19:26:14.005"
"48768","620007478","0000618092","2019-06-17 19:26:13.448"
"48766","620007475","0000637425","2019-06-17 19:26:10.572"
"48767","620007477","0000195560","2019-06-17 19:26:09.066"
"48765","620007476","0000653699","2019-06-17 19:26:08.217"
"48764","620007474","0000626671","2019-06-17 19:26:06.336"
"48762","620007471","0000521318","2019-06-17 19:26:04.794"
"48761","620007464","0000003868","2019-06-17 19:26:03.103"
"48763","620007473","0000019731","2019-06-17 19:26:01.345"
"48759","620007469","0000164149","2019-06-17 19:26:00.084"
"48760","620007462","0000635982","2019-06-17 19:25:59.665"
"48756","620007468","0000063555","2019-06-17 19:25:57.03"
"48758","620007470","0000657243","2019-06-17 19:25:56.247"
"48754","620007463","0000694128","2019-06-17 19:25:54.999"
"48755","620007465","0000631481","2019-06-17 19:25:54.862"
"48757","620007466","0000005057","2019-06-17 19:25:54.812"
"48753","620007461","0000015545","2019-06-17 19:25:51.74"
"48752","620007458","0000108027","2019-06-17 19:25:47.949"
"48751","620007460","0000221584","2019-06-17 19:25:44.825"
"48750","620007459","0000485065","2019-06-17 19:25:37.671"
"48748","620007454","0000658348","2019-06-17 19:25:36.225"
"48747","620007456","0000508962","2019-06-17 19:25:35.915"
"48749","620007457","0000632628","2019-06-17 19:25:34.817"
"48745","620007453","0000628055","2019-06-17 19:25:31.879"
"48746","620007455","0000656809","2019-06-17 19:25:29.424"
"48744","620007452","0000528551","2019-06-17 19:25:24.865"
"48743","620007451","0000573403","2019-06-17 19:25:20.365"
"48742","620007450","0000017627","2019-06-17 19:25:19.515"
"48741","620007449","0000661322","2019-06-17 19:25:12.998"
"44077","620002714","0000643479","2019-06-17 19:25:07.782"
"44292","620002930","0000643479","2019-06-17 19:25:07.78"
"44376","620003016","0000643479","2019-06-17 19:25:07.779"
"44485","620003127","0000643479","2019-06-17 19:25:07.778"
"44676","620003322","0000643479","2019-06-17 19:25:07.777"
"44965","620003619","0000643479","2019-06-17 19:25:07.776"
"45035","620003694","0000643479","2019-06-17 19:25:07.775"
"45157","620003817","0000643479","2019-06-17 19:25:07.774"
"45270","620003929","0000643479","2019-06-17 19:25:07.773"
"45839","620004504","0000643479","2019-06-17 19:25:07.771"
"45422","620004082","0000643479","2019-06-17 19:25:07.77"
"44762","620003427","0000643479","2019-06-17 19:25:07.769"
"46128","620004796","0000643479","2019-06-17 19:25:07.768"
"46387","620005060","0000643479","2019-06-17 19:25:07.767"
"46492","620005169","0000643479","2019-06-17 19:25:07.766"
"46583","620005261","0000643479","2019-06-17 19:25:07.765"
"46624","620005302","0000643479","2019-06-17 19:25:07.764"
"46689","620005370","0000643479","2019-06-17 19:25:07.763"
"42316","620000913","0000643479","2019-06-17 19:25:07.761"
"47261","620005953","0000643479","2019-06-17 19:25:07.759"
"47359","620006048","0000643479","2019-06-17 19:25:07.758"
"47537","620006228","0000643479","2019-06-17 19:25:07.757"
"47936","620006632","0000643479","2019-06-17 19:25:07.756"
"47086","620005773","0000643479","2019-06-17 19:25:07.754"
"45345","620004006","0000643479","2019-06-17 19:25:07.753"
"45906","620004572","0000643479","2019-06-17 19:25:07.752"
"45640","620004305","0000643479","2019-06-17 19:25:07.751"
"45535","620004200","0000643479","2019-06-17 19:25:07.75"
"45228","620003887","0000643479","2019-06-17 19:25:07.749"
"48530","620007230","0000643479","2019-06-17 19:25:07.747"
"44874","620003529","0000643479","2019-06-17 19:25:07.746"
"47756","620006449","0000643479","2019-06-17 19:25:07.744"
"46887","620005570","0000643479","2019-06-17 19:25:07.743"
"48246","620006940","0000643479","2019-06-17 19:25:07.742"
"48443","620007142","0000643479","2019-06-17 19:25:07.74"
"48740","620007448","0000643479","2019-06-17 19:25:07.138"
"48739","620007447","0000550124","2019-06-17 19:11:12.845"
"48737","620007446","0000072616","2019-06-17 19:09:57.761"
"48738","620007445","0000016423","2019-06-17 19:09:57.736"
"48736","620007444","0000642039","2019-06-17 19:09:53.437"
"48735","620007443","0000617126","2019-06-17 19:09:38.519"
"48734","620007442","0000337497","2019-06-17 19:03:58.79"
"44093","620002735","0000003891","2019-06-17 18:59:46.287"
"44282","620002921","0000003891","2019-06-17 18:59:46.275"
"44389","620003028","0000003891","2019-06-17 18:59:46.263"
"44462","620003103","0000003891","2019-06-17 18:59:46.251"
"44555","620003198","0000003891","2019-06-17 18:59:46.239"
"44686","620003331","0000003891","2019-06-17 18:59:46.227"
"44763","620003411","0000003891","2019-06-17 18:59:46.215"
"44883","620003538","0000003891","2019-06-17 18:59:46.203"
"44958","620003609","0000003891","2019-06-17 18:59:46.191"
"45051","620003709","0000003891","2019-06-17 18:59:46.179"
"45206","620003865","0000003891","2019-06-17 18:59:46.159"
"45242","620003901","0000003891","2019-06-17 18:59:46.147"
"45328","620003989","0000003891","2019-06-17 18:59:46.135"
"45448","620004107","0000003891","2019-06-17 18:59:46.123"
"45539","620004203","0000003891","2019-06-17 18:59:46.111"
"45636","620004302","0000003891","2019-06-17 18:59:46.099"
"45740","620004405","0000003891","2019-06-17 18:59:46.087"
"45819","620004485","0000003891","2019-06-17 18:59:46.075"
"45933","620004600","0000003891","2019-06-17 18:59:46.063"
"46022","620004692","0000003891","2019-06-17 18:59:46.051"
"46106","620004771","0000003891","2019-06-17 18:59:46.039"
"46209","620004877","0000003891","2019-06-17 18:59:46.027"
"46289","620004959","0000003891","2019-06-17 18:59:46.015"
"46504","620005180","0000003891","2019-06-17 18:59:45.995"
"46677","620005355","0000003891","2019-06-17 18:59:45.983"
"46782","620005461","0000003891","2019-06-17 18:59:45.971"
"46984","620005666","0000003891","2019-06-17 18:59:45.951"
"47073","620005755","0000003891","2019-06-17 18:59:45.939"
"47263","620005947","0000003891","2019-06-17 18:59:45.919"
"47352","620006044","0000003891","2019-06-17 18:59:45.907"
"47462","620006152","0000003891","2019-06-17 18:59:45.895"
"47536","620006229","0000003891","2019-06-17 18:59:45.883"
"47660","620006355","0000003891","2019-06-17 18:59:45.871"
"47755","620006453","0000003891","2019-06-17 18:59:45.859"
"47792","620006488","0000003891","2019-06-17 18:59:45.843"
"47931","620006626","0000003891","2019-06-17 18:59:45.831"
"48049","620006746","0000003891","2019-06-17 18:59:45.815"
"48167","620006862","0000003891","2019-06-17 18:59:45.795"
"48218","620006916","0000003891","2019-06-17 18:59:45.783"
"48317","620007014","0000003891","2019-06-17 18:59:45.771"
"48520","620007214","0000003891","2019-06-17 18:59:45.751"
"48733","620007441","0000003891","2019-06-17 18:59:44.508"
"43174","620001788","0000501190","2019-06-17 18:59:43.555"
"44108","620002746","0000501190","2019-06-17 18:59:43.499"
"44201","620002837","0000501190","2019-06-17 18:59:43.483"
"44289","620002926","0000501190","2019-06-17 18:59:43.471"
"44390","620003030","0000501190","2019-06-17 18:59:43.459"
"44587","620003231","0000501190","2019-06-17 18:59:43.439"
"44683","620003329","0000501190","2019-06-17 18:59:43.427"
"44853","620003507","0000501190","2019-06-17 18:59:43.407"
"45049","620003705","0000501190","2019-06-17 18:59:43.395"
"45348","620004008","0000501190","2019-06-17 18:59:43.375"
"45441","620004104","0000501190","2019-06-17 18:59:43.363"
"45516","620004179","0000501190","2019-06-17 18:59:43.351"
"45554","620004217","0000501190","2019-06-17 18:59:43.339"
"45737","620004403","0000501190","2019-06-17 18:59:43.327"
"46101","620004768","0000501190","2019-06-17 18:59:43.307"
"46297","620004967","0000501190","2019-06-17 18:59:43.287"
"46595","620005273","0000501190","2019-06-17 18:59:43.259"
"47060","620005743","0000501190","2019-06-17 18:59:43.239"
"47222","620005912","0000501190","2019-06-17 18:59:43.219"
"46872","620005553","0000501190","2019-06-17 18:59:43.207"
"47365","620006055","0000501190","2019-06-17 18:59:43.187"
"47456","620006148","0000501190","2019-06-17 18:59:43.167"
"47850","620006546","0000501190","2019-06-17 18:59:43.143"
"45803","620004468","0000501190","2019-06-17 18:59:43.131"
"47933","620006628","0000501190","2019-06-17 18:59:43.107"
"48140","620006838","0000501190","2019-06-17 18:59:43.095"
"44962","620003617","0000501190","2019-06-17 18:59:43.083"
"44816","620003470","0000501190","2019-06-17 18:59:43.071"
"48247","620006943","0000501190","2019-06-17 18:59:43.059"
"48340","620007039","0000501190","2019-06-17 18:59:43.047"
"48431","620007131","0000501190","2019-06-17 18:59:43.035"
"48461","620007160","0000501190","2019-06-17 18:59:43.023"
"46027","620004698","0000501190","2019-06-17 18:59:42.991"
"42980","620001591","0000002767","2019-06-17 18:59:41.908"
"43366","620001989","0000002767","2019-06-17 18:59:41.897"
"44304","620002943","0000002767","2019-06-17 18:59:41.751"
"44388","620003029","0000002767","2019-06-17 18:59:41.742"
"44488","620003132","0000002767","2019-06-17 18:59:41.731"
"44560","620003205","0000002767","2019-06-17 18:59:41.719"
"45262","620003920","0000002767","2019-06-17 18:59:41.707"
"45350","620004009","0000002767","2019-06-17 18:59:41.695"
"45833","620004498","0000002767","2019-06-17 18:59:41.687"
"46031","620004693","0000002767","2019-06-17 18:59:41.671"
"44951","620003610","0000002767","2019-06-17 18:59:41.664"
"46411","620005085","0000002767","2019-06-17 18:59:41.655"
"46584","620005263","0000002767","2019-06-17 18:59:41.64"
"48731","620007439","0000501190","2019-06-17 18:59:41.635"
"46697","620005374","0000002767","2019-06-17 18:59:41.631"
"46777","620005457","0000002767","2019-06-17 18:59:41.619"
"46980","620005664","0000002767","2019-06-17 18:59:41.599"
"47084","620005770","0000002767","2019-06-17 18:59:41.587"
"47469","620006156","0000002767","2019-06-17 18:59:41.567"
"47368","620006058","0000002767","2019-06-17 18:59:41.547"
"47662","620006356","0000002767","2019-06-17 18:59:41.534"
"45638","620004303","0000002767","2019-06-17 18:59:41.523"
"42502","620001105","0000002767","2019-06-17 18:59:41.513"
"44524","620003169","0000002767","2019-06-17 18:59:41.503"
"46218","620004886","0000002767","2019-06-17 18:59:41.483"
"45055","620003714","0000002767","2019-06-17 18:59:41.471"
"42222","620000815","0000002767","2019-06-17 18:59:41.459"
"48125","620006826","0000002767","2019-06-17 18:59:41.447"
"45534","620004197","0000002767","2019-06-17 18:59:41.427"
"48336","620007035","0000002767","2019-06-17 18:59:41.411"
"48053","620006750","0000002767","2019-06-17 18:59:41.399"
"45137","620003796","0000002767","2019-06-17 18:59:41.387"
"47739","620006434","0000002767","2019-06-17 18:59:41.375"
"48525","620007224","0000002767","2019-06-17 18:59:41.359"
"46300","620004973","0000002767","2019-06-17 18:59:41.339"
"48732","620007440","0000002767","2019-06-17 18:59:39.611"
"48730","620007429","0000160267","2019-06-17 18:59:37.951"
"48727","620007436","0000618245","2019-06-17 18:59:36.708"
"48728","620007434","0000015036","2019-06-17 18:59:35.837"
"42070","620000661","0000102824","2019-06-17 18:59:35.579"
"42072","620000663","0000102824","2019-06-17 18:59:35.567"
"43078","620001690","0000102824","2019-06-17 18:59:35.535"
"43367","620001990","0000102824","2019-06-17 18:59:35.507"
"43459","620002085","0000102824","2019-06-17 18:59:35.495"
"44306","620002945","0000102824","2019-06-17 18:59:35.447"
"44482","620003122","0000102824","2019-06-17 18:59:35.444"
"44589","620003233","0000102824","2019-06-17 18:59:35.435"
"44966","620003620","0000102824","2019-06-17 18:59:35.423"
"45052","620003710","0000102824","2019-06-17 18:59:35.411"
"45357","620004016","0000102824","2019-06-17 18:59:35.391"
"45427","620004091","0000102824","2019-06-17 18:59:35.379"
"45515","620004175","0000102824","2019-06-17 18:59:35.363"
"45731","620004399","0000102824","2019-06-17 18:59:35.351"
"45911","620004581","0000102824","2019-06-17 18:59:35.339"
"46307","620004978","0000102824","2019-06-17 18:59:35.327"
"46398","620005073","0000102824","2019-06-17 18:59:35.319"
"46601","620005280","0000102824","2019-06-17 18:59:35.311"
"46739","620005418","0000102824","2019-06-17 18:59:35.295"
"46895","620005577","0000102824","2019-06-17 18:59:35.275"
"44534","620003180","0000102824","2019-06-17 18:59:35.255"
"46978","620005659","0000102824","2019-06-17 18:59:35.236"
"47278","620005968","0000102824","2019-06-17 18:59:35.231"
"44751","620003424","0000102824","2019-06-17 18:59:35.224"
"44392","620003032","0000102824","2019-06-17 18:59:35.216"
"47460","620006147","0000102824","2019-06-17 18:59:35.211"
"47667","620006361","0000102824","2019-06-17 18:59:35.195"
"45129","620003788","0000102824","2019-06-17 18:59:35.183"
"47747","620006441","0000102824","2019-06-17 18:59:35.159"
"47837","620006533","0000102824","2019-06-17 18:59:35.147"
"46206","620004876","0000102824","2019-06-17 18:59:35.123"
"47374","620006062","0000102824","2019-06-17 18:59:35.115"
"48121","620006819","0000102824","2019-06-17 18:59:35.087"
"48223","620006921","0000102824","2019-06-17 18:59:35.074"
"48335","620007032","0000102824","2019-06-17 18:59:35.067"
"48423","620007121","0000102824","2019-06-17 18:59:35.052"
"48505","620007204","0000102824","2019-06-17 18:59:35.048"
"45996","620004663","0000102824","2019-06-17 18:59:35.023"
"48726","620007435","0000626786","2019-06-17 18:59:34.295"
"48729","620007438","0000102824","2019-06-17 18:59:33.434"
"48725","620007437","0000071407","2019-06-17 18:59:32.955"
"48724","620007433","0000657243","2019-06-17 18:59:30.884"
"48723","620007432","0000016407","2019-06-17 18:59:30.249"
"48722","620007431","0000014709","2019-06-17 18:59:25.219"
"48721","620007428","0000490263","2019-06-17 18:59:25.193"
"48720","620007430","0000135063","2019-06-17 18:59:21.009"
"48717","620007416","0000000172","2019-06-17 18:59:20.653"
"48718","620007426","0000632488","2019-06-17 18:59:20.397"
"48716","620007411","0000596752","2019-06-17 18:59:19.946"
"48719","620007427","0000485065","2019-06-17 18:59:18.636"
"44087","620002722","0000531663","2019-06-17 18:59:18.423"
"44196","620002833","0000531663","2019-06-17 18:59:18.403"
"44303","620002941","0000531663","2019-06-17 18:59:18.391"
"44767","620003417","0000531663","2019-06-17 18:59:18.359"
"44971","620003628","0000531663","2019-06-17 18:59:18.343"
"45150","620003813","0000531663","2019-06-17 18:59:18.331"
"45250","620003909","0000531663","2019-06-17 18:59:18.319"
"45342","620004003","0000531663","2019-06-17 18:59:18.308"
"45417","620004077","0000531663","2019-06-17 18:59:18.296"
"46014","620004680","0000531663","2019-06-17 18:59:18.279"
"46205","620004871","0000531663","2019-06-17 18:59:18.275"
"46414","620005088","0000531663","2019-06-17 18:59:18.259"
"46500","620005175","0000531663","2019-06-17 18:59:18.255"
"46576","620005254","0000531663","2019-06-17 18:59:18.243"
"46683","620005364","0000531663","2019-06-17 18:59:18.231"
"46792","620005473","0000531663","2019-06-17 18:59:18.219"
"46886","620005566","0000531663","2019-06-17 18:59:18.207"
"46963","620005642","0000531663","2019-06-17 18:59:18.195"
"47164","620005851","0000531663","2019-06-17 18:59:18.18"
"44347","620002985","0000531663","2019-06-17 18:59:18.175"
"47259","620005950","0000531663","2019-06-17 18:59:18.168"
"47366","620006053","0000531663","2019-06-17 18:59:18.159"
"47439","620006129","0000531663","2019-06-17 18:59:18.147"
"47563","620006255","0000531663","2019-06-17 18:59:18.139"
"47640","620006331","0000531663","2019-06-17 18:59:18.127"
"48715","620007419","0000644355","2019-06-17 18:59:18.122"
"47731","620006426","0000531663","2019-06-17 18:59:18.115"
"47803","620006498","0000531663","2019-06-17 18:59:18.103"
"47852","620006548","0000531663","2019-06-17 18:59:18.087"
"47943","620006639","0000531663","2019-06-17 18:59:18.075"
"48023","620006719","0000531663","2019-06-17 18:59:18.067"
"48123","620006820","0000531663","2019-06-17 18:59:18.059"
"48320","620007016","0000531663","2019-06-17 18:59:18.039"
"45642","620004308","0000531663","2019-06-17 18:59:18.023"
"45076","620003735","0000531663","2019-06-17 18:59:18.011"
"48419","620007118","0000531663","2019-06-17 18:59:18"
"48482","620007181","0000531663","2019-06-17 18:59:17.987"
"48519","620007216","0000531663","2019-06-17 18:59:17.975"
"48714","620007425","0000531663","2019-06-17 18:59:16.54"
"48711","620007418","0000016628","2019-06-17 18:59:16.148"
"42059","620000646","0000649109","2019-06-17 18:59:15.687"
"44100","620002738","0000649109","2019-06-17 18:59:15.583"
"44177","620002815","0000649109","2019-06-17 18:59:15.575"
"44366","620003004","0000649109","2019-06-17 18:59:15.563"
"44493","620003135","0000649109","2019-06-17 18:59:15.556"
"44779","620003433","0000649109","2019-06-17 18:59:15.539"
"44952","620003606","0000649109","2019-06-17 18:59:15.519"
"45340","620003998","0000649109","2019-06-17 18:59:15.501"
"45656","620004321","0000649109","2019-06-17 18:59:15.483"
"45725","620004391","0000649109","2019-06-17 18:59:15.475"
"48710","620007422","0000489653","2019-06-17 18:59:15.468"
"45830","620004495","0000649109","2019-06-17 18:59:15.467"
"46214","620004880","0000649109","2019-06-17 18:59:15.447"
"46309","620004980","0000649109","2019-06-17 18:59:15.435"
"46406","620005081","0000649109","2019-06-17 18:59:15.423"
"46499","620005174","0000649109","2019-06-17 18:59:15.411"
"44871","620003526","0000649109","2019-06-17 18:59:15.391"
"44307","620002944","0000649109","2019-06-17 18:59:15.38"
"46865","620005546","0000649109","2019-06-17 18:59:15.363"
"47082","620005767","0000649109","2019-06-17 18:59:15.351"
"47173","620005858","0000649109","2019-06-17 18:59:15.339"
"46987","620005670","0000649109","2019-06-17 18:59:15.319"
"47570","620006260","0000649109","2019-06-17 18:59:15.307"
"45230","620003889","0000649109","2019-06-17 18:59:15.287"
"47746","620006440","0000649109","2019-06-17 18:59:15.279"
"47847","620006541","0000649109","2019-06-17 18:59:15.271"
"47925","620006621","0000649109","2019-06-17 18:59:15.263"
"48137","620006833","0000649109","2019-06-17 18:59:15.251"
"48236","620006935","0000649109","2019-06-17 18:59:15.239"
"48313","620007010","0000649109","2019-06-17 18:59:15.227"
"47357","620006047","0000649109","2019-06-17 18:59:15.211"
"45180","620003841","0000649109","2019-06-17 18:59:15.191"
"46676","620005356","0000649109","2019-06-17 18:59:15.175"
"48532","620007235","0000649109","2019-06-17 18:59:15.143"
"48713","620007423","0000649109","2019-06-17 18:59:13.952"
"48707","620007421","0000188924","2019-06-17 18:59:08.925"
"48709","620007408","0000516895","2019-06-17 18:59:08.884"
"48708","620007420","0000581453","2019-06-17 18:59:06.962"
"48706","620007415","0000653699","2019-06-17 18:59:06.2"
"48704","620007409","0000499968","2019-06-17 18:59:02.475"
"48705","620007407","0000653726","2019-06-17 18:59:00.654"
"48703","620007410","0000093842","2019-06-17 18:58:57.264"
"48701","620007406","0000610627","2019-06-17 18:58:55.333"
"48702","620007405","0000000236","2019-06-17 18:58:53.041"
"42388","620000984","0000139405","2019-06-17 18:58:40.988"
"42495","620001097","0000139405","2019-06-17 18:58:40.987"
"42751","620001356","0000139405","2019-06-17 18:58:40.986"
"43162","620001770","0000139405","2019-06-17 18:58:40.984"
"42957","620001567","0000139405","2019-06-17 18:58:40.983"
"43356","620001977","0000139405","2019-06-17 18:58:40.981"
"43914","620002544","0000139405","2019-06-17 18:58:40.978"
"45031","620003689","0000139405","2019-06-17 18:58:40.969"
"45418","620004078","0000139405","2019-06-17 18:58:40.968"
"45794","620004459","0000139405","2019-06-17 18:58:40.962"
"46471","620005146","0000139405","2019-06-17 18:58:40.957"
"47336","620006025","0000139405","2019-06-17 18:58:40.95"
"47433","620006122","0000139405","2019-06-17 18:58:40.947"
"42683","620001287","0000139405","2019-06-17 18:58:40.946"
"43345","620001965","0000631335","2019-06-17 18:58:40.892"
"43535","620002162","0000631335","2019-06-17 18:58:40.891"
"43711","620002341","0000631335","2019-06-17 18:58:40.889"
"43906","620002537","0000631335","2019-06-17 18:58:40.888"
"44172","620002811","0000631335","2019-06-17 18:58:40.886"
"44361","620002998","0000631335","2019-06-17 18:58:40.884"
"44930","620003586","0000631335","2019-06-17 18:58:40.88"
"45414","620004074","0000631335","2019-06-17 18:58:40.876"
"45800","620004465","0000631335","2019-06-17 18:58:40.874"
"46562","620005240","0000631335","2019-06-17 18:58:40.867"
"47147","620005832","0000631335","2019-06-17 18:58:40.862"
"47818","620006513","0000631335","2019-06-17 18:58:40.857"
"48114","620006811","0000631335","2019-06-17 18:58:40.854"
"48311","620007009","0000631335","2019-06-17 18:58:40.852"
"48405","620007103","0000631335","2019-06-17 18:58:40.85"
"48700","620007403","0000139405","2019-06-17 18:58:40.506"
"48699","620007404","0000631335","2019-06-17 18:58:40.428"
"42576","620001180","0000098610","2019-06-17 18:58:31.753"
"44162","620002800","0000098610","2019-06-17 18:58:31.746"
"44652","620003298","0000098610","2019-06-17 18:58:31.744"
"45120","620003779","0000098610","2019-06-17 18:58:31.743"
"45990","620004657","0000098610","2019-06-17 18:58:31.739"
"46191","620004859","0000098610","2019-06-17 18:58:31.737"
"46951","620005632","0000098610","2019-06-17 18:58:31.733"
"42379","620000977","0000098610","2019-06-17 18:58:31.73"
"47724","620006417","0000098610","2019-06-17 18:58:31.728"
"47332","620006023","0000098610","2019-06-17 18:58:31.726"
"47921","620006617","0000098610","2019-06-17 18:58:31.723"
"47143","620005829","0000098610","2019-06-17 18:58:31.72"
"46563","620005241","0000098610","2019-06-17 18:58:31.717"
"45032","620003690","0000098610","2019-06-17 18:58:31.716"
"48698","620007402","0000098610","2019-06-17 18:58:31.272"
"48696","620007401","0000535956","2019-06-17 18:58:23.813"
"42492","620001095","0000531315","2019-06-17 18:58:17.241"
"43513","620002140","0000531315","2019-06-17 18:58:17.237"
"43833","620002462","0000531315","2019-06-17 18:58:17.236"
"44273","620002913","0000531315","2019-06-17 18:58:17.233"
"44550","620003194","0000531315","2019-06-17 18:58:17.231"
"44934","620003590","0000531315","2019-06-17 18:58:17.229"
"45313","620003974","0000531315","2019-06-17 18:58:17.226"
"47719","620006413","0000531315","2019-06-17 18:58:17.214"
"47914","620006610","0000531315","2019-06-17 18:58:17.211"
"48214","620006912","0000531315","2019-06-17 18:58:17.208"
"47434","620006120","0000531315","2019-06-17 18:58:17.205"
"48695","620007398","0000531315","2019-06-17 18:58:16.776"
"43130","620001743","0000009863","2019-06-17 18:58:14.12"
"44362","620003001","0000009863","2019-06-17 18:58:14.116"
"44743","620003388","0000009863","2019-06-17 18:58:14.113"
"44832","620003487","0000009863","2019-06-17 18:58:14.112"
"45896","620004560","0000009863","2019-06-17 18:58:14.106"
"46664","620005343","0000009863","2019-06-17 18:58:14.102"
"46856","620005537","0000009863","2019-06-17 18:58:14.1"
"46950","620005631","0000009863","2019-06-17 18:58:14.099"
"47817","620006512","0000009863","2019-06-17 18:58:14.093"
"44933","620003589","0000009863","2019-06-17 18:58:14.092"
"44653","620003295","0000009863","2019-06-17 18:58:14.091"
"43047","620001658","0000009863","2019-06-17 18:58:14.09"
"48504","620007203","0000009863","2019-06-17 18:58:14.086"
"42194","620000780","0000624345","2019-06-17 18:58:13.658"
"43838","620002468","0000624345","2019-06-17 18:58:13.654"
"44364","620003003","0000624345","2019-06-17 18:58:13.652"
"44453","620003094","0000624345","2019-06-17 18:58:13.651"
"44547","620003191","0000624345","2019-06-17 18:58:13.65"
"45987","620004654","0000624345","2019-06-17 18:58:13.644"
"46473","620005148","0000624345","2019-06-17 18:58:13.64"
"47051","620005734","0000624345","2019-06-17 18:58:13.637"
"46566","620005245","0000624345","2019-06-17 18:58:13.636"
"45700","620004367","0000624345","2019-06-17 18:58:13.634"
"47913","620006612","0000624345","2019-06-17 18:58:13.633"
"44073","620002711","0000624345","2019-06-17 18:58:13.629"
"44926","620003582","0000624345","2019-06-17 18:58:13.628"
"42294","620000895","0000624345","2019-06-17 18:58:13.628"
"45223","620003882","0000624345","2019-06-17 18:58:13.626"
"48116","620006813","0000624345","2019-06-17 18:58:13.623"
"47628","620006321","0000624345","2019-06-17 18:58:13.622"
"48693","620007399","0000009863","2019-06-17 18:58:13.621"
"48692","620007395","0000624345","2019-06-17 18:58:13.209"
"42306","620000903","0000636549","2019-06-17 18:58:12.31"
"42400","620000996","0000636549","2019-06-17 18:58:12.309"
"43429","620002055","0000636549","2019-06-17 18:58:12.306"
"42775","620001382","0000636549","2019-06-17 18:58:12.304"
"43907","620002538","0000636549","2019-06-17 18:58:12.302"
"44071","620002708","0000636549","2019-06-17 18:58:12.301"
"44171","620002808","0000636549","2019-06-17 18:58:12.3"
"44463","620003104","0000636549","2019-06-17 18:58:12.297"
"46851","620005532","0000636549","2019-06-17 18:58:12.283"
"46952","620005633","0000636549","2019-06-17 18:58:12.282"
"47525","620006217","0000636549","2019-06-17 18:58:12.279"
"47721","620006415","0000636549","2019-06-17 18:58:12.277"
"42953","620001562","0000636549","2019-06-17 18:58:12.276"
"47814","620006509","0000636549","2019-06-17 18:58:12.275"
"48494","620007193","0000636549","2019-06-17 18:58:12.27"
"46081","620004749","0000636549","2019-06-17 18:58:12.265"
"43538","620002163","0000636549","2019-06-17 18:58:12.263"
"43070","620001681","0000059218","2019-06-17 18:58:11.927"
"43843","620002470","0000059218","2019-06-17 18:58:11.925"
"44021","620002653","0000059218","2019-06-17 18:58:11.923"
"44266","620002905","0000059218","2019-06-17 18:58:11.921"
"44365","620003005","0000059218","2019-06-17 18:58:11.92"
"44655","620003297","0000059218","2019-06-17 18:58:11.917"
"45025","620003682","0000059218","2019-06-17 18:58:11.915"
"45119","620003778","0000059218","2019-06-17 18:58:11.914"
"45416","620004075","0000059218","2019-06-17 18:58:11.912"
"45801","620004466","0000059218","2019-06-17 18:58:11.91"
"46187","620004854","0000059218","2019-06-17 18:58:11.908"
"43636","620002260","0000059218","2019-06-17 18:58:11.907"
"47723","620006418","0000059218","2019-06-17 18:58:11.896"
"48495","620007194","0000059218","2019-06-17 18:58:11.889"
"43228","620001848","0000059218","2019-06-17 18:58:11.888"
"43353","620001972","0000059218","2019-06-17 18:58:11.886"
"44928","620003583","0000059218","2019-06-17 18:58:11.884"
"47046","620005729","0000059218","2019-06-17 18:58:11.881"
"48694","620007396","0000636549","2019-06-17 18:58:11.844"
"48691","620007397","0000059218","2019-06-17 18:58:11.487"
"48690","620007394","0000155726","2019-06-17 18:57:57.179"
"48689","620007388","0000004522","2019-06-17 15:27:56.301"
"48688","620007386","0000016764","2019-06-17 08:57:58.341"
"48687","620007387","0000337497","2019-06-17 08:57:56.015"
"48686","620007385","0000550175","2019-06-17 08:57:33.993"
"48685","620007384","0000642039","2019-06-17 08:57:26.364"
"48683","620007381","0000617126","2019-06-17 08:57:22.046"
"48684","620007383","0000027292","2019-06-17 08:57:22.002"
"48682","620007382","0000528551","2019-06-17 08:57:15.298"
"48681","620007380","0000628055","2019-06-17 08:56:54.197"
"48680","620007379","0000019731","2019-06-17 08:55:34.202"
"48679","620007378","0000016970","2019-06-17 08:55:31.021"
"48678","620007377","0000651735","2019-06-17 08:54:48.724"
"48677","620007376","0000003868","2019-06-17 08:54:41.817"
