{
	"info": {
		"_postman_id": "2e8d2a88-dea2-4b27-85d5-5610009a8ff4",
		"name": "DDCX - TestEnv",
		"schema": "https://schema.getpostman.com/json/collection/v2.1.0/collection.json"
	},
	"item": [
		{
			"name": "POL02 - policyDisplay [DDCX]",
			"event": [
				{
					"listen": "test",
					"script": {
						"exec": [
							"pm.test(\"Status code is 200\", function () {",
							"    pm.response.to.have.status(200);",
							"});",
							"pm.test(\"Body matches string\", function () {",
							"    pm.expect(pm.response.text()).to.include(\"SUCCESS\");",
							"});"
						],
						"type": "text/javascript"
					}
				},
				{
					"listen": "prerequest",
					"script": {
						"exec": [
							""
						],
						"type": "text/javascript"
					}
				}
			],
			"request": {
				"method": "POST",
				"header": [
					{
						"key": "Content-Type",
						"value": "application/json"
					},
					{
						"key": "Authorization",
						"value": "Bearer {{access_token}}",
						"disabled": true
					}
				],
				"body": {
					"mode": "raw",
					"raw": "{\r\n    \"headerData\":{\r\n        \"messageId\":\"Send Email\",\r\n        \"sentDateTime\":\"03-11-2017T09:08:18:066\",\r\n        \"responseDateTime\":\"03-11-2017T09:08:18.066\",\r\n        \"recordPerPage\":\"1\",\r\n        \"requestPage\":\"2\",\r\n        \"totalRecord\":\"10\"\r\n    },\r\n    \"requestRecord\":{\r\n        \"policyNo\":\"36518221\",\r\n        \"noBook\" : \"\"\r\n    }\r\n}"
				},
				"url": {
					"raw": "{{Protocal}}://{{Server}}:{{Port}}/interfaceCsv/rest/calculate/policyDisplay/1.0",
					"protocol": "{{Protocal}}",
					"host": [
						"{{Server}}"
					],
					"port": "{{Port}}",
					"path": [
						"interfaceCsv",
						"rest",
						"calculate",
						"policyDisplay",
						"1.0"
					]
				}
			},
			"response": []
		},
		{
			"name": "POL03 - policyPrmeium [DDCX]",
			"event": [
				{
					"listen": "test",
					"script": {
						"exec": [
							"pm.test(\"Status code is 200\", function () {",
							"    pm.response.to.have.status(200);",
							"});",
							"pm.test(\"Body matches string\", function () {",
							"    pm.expect(pm.response.text()).to.include(\"SUCCESS\");",
							"});"
						],
						"type": "text/javascript"
					}
				}
			],
			"request": {
				"method": "POST",
				"header": [
					{
						"key": "Content-Type",
						"value": "application/json"
					},
					{
						"key": "Authorization",
						"value": "Bearer {{access_token}}"
					}
				],
				"body": {
					"mode": "raw",
					"raw": "{\r\n        \"headerData\": {\r\n        \"messageId\": \"3fde79860c7b12da\",\r\n        \"sentDateTime\": \"06-11-2017T09:46:53.384\",\r\n        \"responseDateTime\": \"06-11-2017T09:46:53.384\",\r\n        \"recordPerPage\": \"0\",\r\n        \"requestPage\":\"1\",\r\n        \"totalRecord\":\"2\"\r\n    },\r\n        \"requestRecord\":{\r\n                \"policyNo\": \"20581997\"\r\n        }\r\n}"
				},
				"url": {
					"raw": "{{Protocal}}://{{Server}}:{{Port}}/interfaceCsv/rest/calculate/policyPremium/1.0",
					"protocol": "{{Protocal}}",
					"host": [
						"{{Server}}"
					],
					"port": "{{Port}}",
					"path": [
						"interfaceCsv",
						"rest",
						"calculate",
						"policyPremium",
						"1.0"
					]
				}
			},
			"response": []
		},
		{
			"name": "POL05 - policyLoan [DDCX]",
			"event": [
				{
					"listen": "test",
					"script": {
						"exec": [
							"pm.test(\"Status code is 200\", function () {",
							"    pm.response.to.have.status(200);",
							"});",
							"pm.test(\"Body matches string\", function () {",
							"    pm.expect(pm.response.text()).to.include(\"SUCCESS\");",
							"});"
						],
						"type": "text/javascript"
					}
				}
			],
			"request": {
				"method": "POST",
				"header": [
					{
						"key": "Content-Type",
						"value": "application/json"
					}
				],
				"body": {
					"mode": "raw",
					"raw": "{\n        \"headerData\": {\n        \"messageId\": \"3fde79860c7b12da\",\n        \"sentDateTime\": \"06-11-2017T09:46:53.384\",\n        \"responseDateTime\": \"06-11-2017T09:46:53.384\",\n        \"recordPerPage\": \"0\",\n        \"requestPage\":\"1\",\n        \"totalRecord\":\"2\"\n    },\n        \"requestRecord\":{\n                \"policyNo\":\"20070489\"\n        }\n        \n        \n}"
				},
				"url": {
					"raw": "https://{{Server}}:8243/interfaceCsv/rest/policy/policyLoan/1.0",
					"protocol": "https",
					"host": [
						"{{Server}}"
					],
					"port": "8243",
					"path": [
						"interfaceCsv",
						"rest",
						"policy",
						"policyLoan",
						"1.0"
					]
				}
			},
			"response": []
		},
		{
			"name": "CAL08 - calculatePremium [DDCX]",
			"event": [
				{
					"listen": "test",
					"script": {
						"exec": [
							"pm.test(\"Status code is 200\", function () {",
							"    pm.response.to.have.status(200);",
							"});",
							"pm.test(\"Body matches string\", function () {",
							"    pm.expect(pm.response.text()).to.include(\"SUCCESS\");",
							"});",
							""
						],
						"type": "text/javascript"
					}
				},
				{
					"listen": "prerequest",
					"script": {
						"exec": [
							""
						],
						"type": "text/javascript"
					}
				}
			],
			"request": {
				"method": "POST",
				"header": [
					{
						"key": "Content-Type",
						"value": "application/json"
					},
					{
						"key": "Authorization",
						"value": "Bearer {{access_token}}"
					}
				],
				"body": {
					"mode": "raw",
					"raw": "{\r\n        \"headerData\": {\r\n        \"messageId\": \"3fde79860c7b12da\",\r\n        \"sentDateTime\": \"06-11-2017T09:46:53.384\",\r\n        \"responseDateTime\": \"06-11-2017T09:46:53.384\",\r\n        \"recordPerPage\": \"0\",\r\n        \"requestPage\":\"1\",\r\n        \"totalRecord\":\"2\"\r\n    },\r\n        \"requestRecord\":{\r\n                \"policyNo\":\"22032628\",\r\n                \"date\":\"28/08/2564\"\r\n        }\r\n}"
				},
				"url": {
					"raw": "{{Protocal}}://{{Server}}:{{Port}}/interfaceCsv/rest/calculate/calculatePremium/1.0",
					"protocol": "{{Protocal}}",
					"host": [
						"{{Server}}"
					],
					"port": "{{Port}}",
					"path": [
						"interfaceCsv",
						"rest",
						"calculate",
						"calculatePremium",
						"1.0"
					]
				}
			},
			"response": []
		},
		{
			"name": "POL09 - policyDisplayUL [DDCX]",
			"event": [
				{
					"listen": "test",
					"script": {
						"exec": [
							"pm.test(\"Status code is 200\", function () {",
							"    pm.response.to.have.status(200);",
							"});",
							"pm.test(\"Body matches string\", function () {",
							"    pm.expect(pm.response.text()).to.include(\"SUCCESS\");",
							"});"
						],
						"type": "text/javascript"
					}
				}
			],
			"request": {
				"method": "POST",
				"header": [
					{
						"key": "Content-Type",
						"value": "application/json"
					}
				],
				"body": {
					"mode": "raw",
					"raw": "{\n        \"headerData\": {\n        \"messageId\": \"3fde79860c7b12da\",\n        \"sentDateTime\": \"06-11-2017T09:46:53.384\",\n        \"responseDateTime\": \"06-11-2017T09:46:53.384\",\n        \"recordPerPage\": \"0\",\n        \"requestPage\":\"1\",\n        \"totalRecord\":\"2\"\n    },\n        \"requestRecord\":{\n                \"policyNo\":\"22788187\"\n        }              \n}"
				},
				"url": {
					"raw": "{{Protocal}}://{{Server}}:{{Port}}/interfaceCsv/rest/policy/policyDisplayUL/1.0",
					"protocol": "{{Protocal}}",
					"host": [
						"{{Server}}"
					],
					"port": "{{Port}}",
					"path": [
						"interfaceCsv",
						"rest",
						"policy",
						"policyDisplayUL",
						"1.0"
					]
				}
			},
			"response": []
		},
		{
			"name": "CAL09-1 - calculateBenefit-CashNotReceived [DDCX]",
			"event": [
				{
					"listen": "prerequest",
					"script": {
						"exec": [
							""
						],
						"type": "text/javascript"
					}
				},
				{
					"listen": "test",
					"script": {
						"exec": [
							"pm.test(\"Status code is 200\", function () {",
							"    pm.response.to.have.status(200);",
							"});",
							"pm.test(\"Body matches string\", function () {",
							"    pm.expect(pm.response.text()).to.include(\"SUCCESS\");",
							"});",
							""
						],
						"type": "text/javascript"
					}
				}
			],
			"request": {
				"method": "POST",
				"header": [
					{
						"key": "Authorization",
						"value": "Bearer {{access_token}}"
					},
					{
						"key": "Content-Type",
						"value": "application/json"
					}
				],
				"body": {
					"mode": "raw",
					"raw": "{\n   \"headerData\":{\n       \"messageId\":\"Send Email\",\n       \"sentDateTime\":\"03-11-2017T09:08:18:066\",\n       \"responseDateTime\":\"03-11-2017T09:08:18.066\",\n       \"recordPerPage\":\"1\",\n       \"requestPage\":\"2\",\n       \"totalRecord\":\"10\"\n   },\n   \"requestRecord\":{\n       \"policyNo\":\"22023271\",\n       \"date\":\"28/08/2564\",\n       \"typeData\":\"\"\n   }\n}"
				},
				"url": {
					"raw": "{{Protocal}}://{{Server}}:{{Port}}/CalPOS/calculate/calculateBenefit/cashNotReceived/1.0",
					"protocol": "{{Protocal}}",
					"host": [
						"{{Server}}"
					],
					"port": "{{Port}}",
					"path": [
						"CalPOS",
						"calculate",
						"calculateBenefit",
						"cashNotReceived",
						"1.0"
					]
				},
				"description": "เงินคืนตามเงือนไข"
			},
			"response": []
		},
		{
			"name": "CAL09-2 - calculateBenefit-CashReceived [DDCX]",
			"event": [
				{
					"listen": "prerequest",
					"script": {
						"exec": [
							""
						],
						"type": "text/javascript"
					}
				},
				{
					"listen": "test",
					"script": {
						"exec": [
							"pm.test(\"Status code is 200\", function () {",
							"    pm.response.to.have.status(200);",
							"});",
							"pm.test(\"Body matches string\", function () {",
							"    pm.expect(pm.response.text()).to.include(\"SUCCESS\");",
							"});",
							""
						],
						"type": "text/javascript"
					}
				}
			],
			"request": {
				"method": "POST",
				"header": [
					{
						"key": "Authorization",
						"value": "Bearer {{access_token}}"
					},
					{
						"key": "Content-Type",
						"value": "application/json"
					}
				],
				"body": {
					"mode": "raw",
					"raw": "{\n   \"headerData\":{\n       \"messageId\":\"Send Email\",\n       \"sentDateTime\":\"03-11-2017T09:08:18:066\",\n       \"responseDateTime\":\"03-11-2017T09:08:18.066\",\n       \"recordPerPage\":\"1\",\n       \"requestPage\":\"2\",\n       \"totalRecord\":\"10\"\n   },\n   \"requestRecord\":{\n       \"policyNo\":\"33178154\",\n       \"typeData\":\"\",\n       \"date\":\"25/08/2564\"\n   }\n}"
				},
				"url": {
					"raw": "https://{{Server}}:8243/CalPOS/calculate/calculateBenefit/cashReceived/1.0",
					"protocol": "https",
					"host": [
						"{{Server}}"
					],
					"port": "8243",
					"path": [
						"CalPOS",
						"calculate",
						"calculateBenefit",
						"cashReceived",
						"1.0"
					]
				},
				"description": "เงินคืนตามเงือนไข"
			},
			"response": []
		},
		{
			"name": "CAL09-3 - calculateBenefit-Contact [DDCX]",
			"event": [
				{
					"listen": "prerequest",
					"script": {
						"exec": [
							""
						],
						"type": "text/javascript"
					}
				},
				{
					"listen": "test",
					"script": {
						"exec": [
							"pm.test(\"Status code is 200\", function () {",
							"    pm.response.to.have.status(200);",
							"});",
							"pm.test(\"Body matches string\", function () {",
							"    pm.expect(pm.response.text()).to.include(\"SUCCESS\");",
							"});",
							""
						],
						"type": "text/javascript"
					}
				}
			],
			"request": {
				"method": "POST",
				"header": [
					{
						"key": "Authorization",
						"value": "Bearer {{access_token}}"
					},
					{
						"key": "Content-Type",
						"value": "application/json"
					}
				],
				"body": {
					"mode": "raw",
					"raw": "{\n   \"headerData\":{\n       \"messageId\":\"Send Email\",\n       \"sentDateTime\":\"03-11-2017T09:08:18:066\",\n       \"responseDateTime\":\"03-11-2017T09:08:18.066\",\n       \"recordPerPage\":\"1\",\n       \"requestPage\":\"2\",\n       \"totalRecord\":\"10\"\n   },\n   \"requestRecord\":{\n       \"policyNo\":\"20011659\",\n       \"typeData\":\"\",\n       \"date\":\"25/8/2564\"\n   }\n}"
				},
				"url": {
					"raw": "{{Protocal}}://{{Server}}:{{Port}}/CalPOS/calculate/calculateBenefit/contactNotReceived/1.0",
					"protocol": "{{Protocal}}",
					"host": [
						"{{Server}}"
					],
					"port": "{{Port}}",
					"path": [
						"CalPOS",
						"calculate",
						"calculateBenefit",
						"contactNotReceived",
						"1.0"
					]
				},
				"description": "เงินคืนตามเงือนไข"
			},
			"response": []
		},
		{
			"name": "CAL09-4 - calculateBenefit-Mature [DDCX]",
			"event": [
				{
					"listen": "prerequest",
					"script": {
						"exec": [
							""
						],
						"type": "text/javascript"
					}
				},
				{
					"listen": "test",
					"script": {
						"exec": [
							"pm.test(\"Status code is 200\", function () {",
							"    pm.response.to.have.status(200);",
							"});",
							"pm.test(\"Body matches string\", function () {",
							"    pm.expect(pm.response.text()).to.include(\"SUCCESS\");",
							"});",
							""
						],
						"type": "text/javascript"
					}
				}
			],
			"request": {
				"method": "POST",
				"header": [
					{
						"key": "Authorization",
						"value": "Bearer {{access_token}}"
					},
					{
						"key": "Content-Type",
						"value": "application/json"
					}
				],
				"body": {
					"mode": "raw",
					"raw": "{\n   \"headerData\":{\n       \"messageId\":\"Send Email\",\n       \"sentDateTime\":\"03-11-2017T09:08:18:066\",\n       \"responseDateTime\":\"03-11-2017T09:08:18.066\",\n       \"recordPerPage\":\"1\",\n       \"requestPage\":\"2\",\n       \"totalRecord\":\"10\"\n   },\n   \"requestRecord\":{\n       \"policyNo\":\"22023271\",\n       \"date\":\"28/08/2564\"\n   }\n}"
				},
				"url": {
					"raw": "{{Protocal}}://{{Server}}:{{Port}}/CalPOS/calculate/calculateBenefit/mature/1.0",
					"protocol": "{{Protocal}}",
					"host": [
						"{{Server}}"
					],
					"port": "{{Port}}",
					"path": [
						"CalPOS",
						"calculate",
						"calculateBenefit",
						"mature",
						"1.0"
					]
				},
				"description": "เงินคืนตามเงือนไข"
			},
			"response": []
		},
		{
			"name": "CAL10-1 returnLoan [DDCX]",
			"event": [
				{
					"listen": "prerequest",
					"script": {
						"exec": [
							""
						],
						"type": "text/javascript"
					}
				},
				{
					"listen": "test",
					"script": {
						"exec": [
							"pm.test(\"Status code is 200\", function () {",
							"    pm.response.to.have.status(200);",
							"});",
							"pm.test(\"Body matches string\", function () {",
							"    pm.expect(pm.response.text()).to.include(\"SUCCESS\");",
							"});",
							"",
							"",
							"",
							""
						],
						"type": "text/javascript"
					}
				}
			],
			"request": {
				"method": "POST",
				"header": [
					{
						"key": "Content-Type",
						"value": "application/json"
					},
					{
						"key": "Authorization",
						"value": "Bearer {{access_token}}"
					}
				],
				"body": {
					"mode": "raw",
					"raw": "{\n    \"headerData\": {\n        \"messageId\": \"04075100-a3d5-4f71-9bc7-13584589fc6b\",\n        \"sentDateTime\": \"02-08-2018T14:34:27.651\",\n        \"responseDateTime\": \"02-08-2018T14:34:27.651\",\n        \"recordPerPage\": null,\n        \"requestPage\": null,\n        \"totalRecord\": null\n    },\n    \"requestRecord\": {\n        \"policyNo\": \"22029551\",\n        \"date\": \"28/08/2564\"\n    }\n}"
				},
				"url": {
					"raw": "{{Protocal}}://{{Server}}:{{Port}}/CalPOS/calculate/calculateLoan/returnLoan/1.0",
					"protocol": "{{Protocal}}",
					"host": [
						"{{Server}}"
					],
					"port": "{{Port}}",
					"path": [
						"CalPOS",
						"calculate",
						"calculateLoan",
						"returnLoan",
						"1.0"
					]
				},
				"description": "รับคืนเงินกู้"
			},
			"response": []
		},
		{
			"name": "CAL10-2 requestLoan [DDCX]",
			"event": [
				{
					"listen": "prerequest",
					"script": {
						"exec": [
							""
						],
						"type": "text/javascript"
					}
				},
				{
					"listen": "test",
					"script": {
						"exec": [
							"pm.test(\"Status code is 200\", function () {",
							"    pm.response.to.have.status(200);",
							"});",
							"",
							"",
							"",
							""
						],
						"type": "text/javascript"
					}
				}
			],
			"request": {
				"method": "POST",
				"header": [
					{
						"key": "Content-Type",
						"value": "application/json"
					},
					{
						"key": "Authorization",
						"value": "Bearer {{access_token}}"
					}
				],
				"body": {
					"mode": "raw",
					"raw": "{\n    \"headerData\": {\n        \"messageId\": \"04075100-a3d5-4f71-9bc7-13584589fc6b\",\n        \"sentDateTime\": \"02-08-2018T14:34:27.651\",\n        \"responseDateTime\": \"02-08-2018T14:34:27.651\",\n        \"recordPerPage\": \"1\",\n        \"requestPage\": \"2\",\n        \"totalRecord\": \"10\"\n    },\n    \"requestRecord\": {\n        \"policyNo\": \"22029551\",\n        \"date\": \"28/08/2564\"\n    }\n}"
				},
				"url": {
					"raw": "{{Protocal}}://{{Server}}:{{Port}}/CalPOS/calculate/calculateLoan/requestLoan/1.0",
					"protocol": "{{Protocal}}",
					"host": [
						"{{Server}}"
					],
					"port": "{{Port}}",
					"path": [
						"CalPOS",
						"calculate",
						"calculateLoan",
						"requestLoan",
						"1.0"
					]
				},
				"description": "เงินกู้ตามกรมธรรม์"
			},
			"response": []
		},
		{
			"name": "CAL10-3 extend Loan [DDCX]",
			"event": [
				{
					"listen": "prerequest",
					"script": {
						"exec": [
							""
						],
						"type": "text/javascript"
					}
				},
				{
					"listen": "test",
					"script": {
						"exec": [
							"pm.test(\"Status code is 200\", function () {",
							"    pm.response.to.have.status(200);",
							"});",
							"",
							"",
							"",
							""
						],
						"type": "text/javascript"
					}
				}
			],
			"request": {
				"method": "POST",
				"header": [
					{
						"key": "Content-Type",
						"value": "application/json"
					},
					{
						"key": "Authorization",
						"value": "Bearer {{access_token}}"
					}
				],
				"body": {
					"mode": "raw",
					"raw": "{\n    \"headerData\": {\n        \"messageId\": \"04075100-a3d5-4f71-9bc7-13584589fc6b\",\n        \"sentDateTime\": \"02-08-2018T14:34:27.651\",\n        \"responseDateTime\": \"02-08-2018T14:34:27.651\"\n    },\n    \"requestRecord\": {\n        \"policyNo\": \"22029551\",\n        \"calculateDate\": \"26/08/2564\",\n        \"year\" : \"1\"\n    }\n}"
				},
				"url": {
					"raw": "{{Protocal}}://{{Server}}:{{Port}}/CalPOS/calculate/calculateLoan/extendLoan/1.0",
					"protocol": "{{Protocal}}",
					"host": [
						"{{Server}}"
					],
					"port": "{{Port}}",
					"path": [
						"CalPOS",
						"calculate",
						"calculateLoan",
						"extendLoan",
						"1.0"
					]
				},
				"description": "ชำระดอกเบี้ยสัญญาเงินกู้"
			},
			"response": []
		},
		{
			"name": "CAL12-1 surender [DDCX]",
			"event": [
				{
					"listen": "test",
					"script": {
						"exec": [
							"pm.test(\"Status code is 200\", function () {",
							"    pm.response.to.have.status(200);",
							"});",
							"pm.test(\"Body matches string\", function () {",
							"    pm.expect(pm.response.text()).to.include(\"SUCCESS\");",
							"});"
						],
						"type": "text/javascript"
					}
				}
			],
			"request": {
				"method": "POST",
				"header": [
					{
						"key": "Content-Type",
						"value": "application/json"
					},
					{
						"key": "Authorization",
						"value": "Bearer {{access_token}}"
					}
				],
				"body": {
					"mode": "raw",
					"raw": "{\n        \"headerData\": {\n        \"messageId\": \"3fde79860c7b12da\",\n        \"sentDateTime\": \"06-11-2017T09:46:53.384\",\n        \"responseDateTime\": \"06-11-2017T09:46:53.384\",\n        \"recordPerPage\": \"0\",\n        \"requestPage\":\"1\",\n        \"totalRecord\":\"2\"\n    },\n        \"requestRecord\":{\n                \"policyNo\":\"22029551\",\n                \"date\":\"26/08/2564\"\n        }              \n}"
				},
				"url": {
					"raw": "{{Protocal}}://{{Server}}:{{Port}}/CalPOS/calculate/calculateCancel/surender/1.0",
					"protocol": "{{Protocal}}",
					"host": [
						"{{Server}}"
					],
					"port": "{{Port}}",
					"path": [
						"CalPOS",
						"calculate",
						"calculateCancel",
						"surender",
						"1.0"
					]
				},
				"description": "ยกโลก (เวนคืนกรมธรรม์)"
			},
			"response": []
		},
		{
			"name": "CAL12-2 cancel-extend [DDCX]",
			"event": [
				{
					"listen": "test",
					"script": {
						"exec": [
							"pm.test(\"Status code is 200\", function () {",
							"    pm.response.to.have.status(200);",
							"});",
							"pm.test(\"Body matches string\", function () {",
							"    pm.expect(pm.response.text()).to.include(\"SUCCESS\");",
							"});"
						],
						"type": "text/javascript"
					}
				}
			],
			"request": {
				"method": "POST",
				"header": [
					{
						"key": "Content-Type",
						"value": "application/json"
					},
					{
						"key": "Authorization",
						"value": "Bearer {{access_token}}"
					}
				],
				"body": {
					"mode": "raw",
					"raw": "{\n        \"headerData\": {\n        \"messageId\": \"3fde79860c7b12da\",\n        \"sentDateTime\": \"06-11-2017T09:46:53.384\",\n        \"responseDateTime\": \"06-11-2017T09:46:53.384\",\n        \"recordPerPage\": \"0\",\n        \"requestPage\":\"1\",\n        \"totalRecord\":\"2\"\n    },\n        \"requestRecord\":{\n                \"policyNo\":\"22029551\",\n                \"date\":\"26/08/2564\"\n        }              \n}"
				},
				"url": {
					"raw": "{{Protocal}}://{{Server}}:{{Port}}/CalPOS/calculate/calculateCancel/extend/1.0",
					"protocol": "{{Protocal}}",
					"host": [
						"{{Server}}"
					],
					"port": "{{Port}}",
					"path": [
						"CalPOS",
						"calculate",
						"calculateCancel",
						"extend",
						"1.0"
					]
				},
				"description": "ยกโลก (แบบขยายเวลา)"
			},
			"response": []
		},
		{
			"name": "CAL12-3 cancel-paid up [DDCX]",
			"event": [
				{
					"listen": "test",
					"script": {
						"exec": [
							"pm.test(\"Status code is 200\", function () {",
							"    pm.response.to.have.status(200);",
							"});",
							"pm.test(\"Body matches string\", function () {",
							"    pm.expect(pm.response.text()).to.include(\"SUCCESS\");",
							"});"
						],
						"type": "text/javascript"
					}
				}
			],
			"request": {
				"method": "POST",
				"header": [
					{
						"key": "Content-Type",
						"value": "application/json"
					},
					{
						"key": "Authorization",
						"value": "Bearer {{access_token}}"
					}
				],
				"body": {
					"mode": "raw",
					"raw": "{\n        \"headerData\": {\n        \"messageId\": \"3fde79860c7b12da\",\n        \"sentDateTime\": \"06-11-2017T09:46:53.384\",\n        \"responseDateTime\": \"06-11-2017T09:46:53.384\",\n        \"recordPerPage\": \"0\",\n        \"requestPage\":\"1\",\n        \"totalRecord\":\"2\"\n    },\n        \"requestRecord\":{\n                \"policyNo\":\"22029551\",\n                \"date\":\"26/08/2564\"\n        }              \n}"
				},
				"url": {
					"raw": "{{Protocal}}://{{Server}}:{{Port}}/CalPOS/calculate/calculateCancel/paidUp/1.0",
					"protocol": "{{Protocal}}",
					"host": [
						"{{Server}}"
					],
					"port": "{{Port}}",
					"path": [
						"CalPOS",
						"calculate",
						"calculateCancel",
						"paidUp",
						"1.0"
					]
				},
				"description": "ยกโลก (ใช้เงินสำเร็จ)"
			},
			"response": []
		},
		{
			"name": "CLM10 - ClaimDetail [DDCX]",
			"event": [
				{
					"listen": "test",
					"script": {
						"exec": [
							"pm.test(\"Status code is 200\", function () {",
							"    pm.response.to.have.status(200);",
							"});",
							"pm.test(\"Body matches string\", function () {",
							"    pm.expect(pm.response.text()).to.include(\"SUCCESS\");",
							"});"
						],
						"type": "text/javascript"
					}
				}
			],
			"request": {
				"method": "POST",
				"header": [
					{
						"key": "Content-Type",
						"value": "application/json"
					},
					{
						"key": "Authorization",
						"value": "Bearer {{access_token}}"
					}
				],
				"body": {
					"mode": "raw",
					"raw": "{\n    \"headerData\": {\n        \"messageId\": \"3fde79860c7b12da\",\n        \"sentDateTime\": \"06-11-2017T09:46:53.384\",\n        \"responseDateTime\": \"06-11-2017T09:46:53.384\"\n        },\n    \"requestRecord\":{\n        \"customerId\":\"5106901\",\n        \"channel\" : \"A\"\n    }        \n}"
				},
				"url": {
					"raw": "{{Protocal}}://{{Server}}:{{Port}}/customerClaim/claimDetail/1.0",
					"protocol": "{{Protocal}}",
					"host": [
						"{{Server}}"
					],
					"port": "{{Port}}",
					"path": [
						"customerClaim",
						"claimDetail",
						"1.0"
					]
				}
			},
			"response": []
		},
		{
			"name": "POL_DB_01_SearchPolicyByCustomerId Copy",
			"event": [
				{
					"listen": "test",
					"script": {
						"exec": [
							"pm.test(\"Status code is 200\", function () {",
							"    pm.response.to.have.status(200);",
							"});",
							"pm.test(\"Body matches string\", function () {",
							"    pm.expect(pm.response.text()).to.include(\"ดำเนินการเรียบร้อย\");",
							"});"
						],
						"type": "text/javascript"
					}
				}
			],
			"request": {
				"method": "POST",
				"header": [
					{
						"key": "Content-Type",
						"name": "Content-Type",
						"value": "application/json",
						"type": "text"
					}
				],
				"body": {
					"mode": "raw",
					"raw": "{\r\n    \"headerData\": {\r\n        \"messageId\": \"3fe0a3c63603b7ea\",\r\n        \"sentDateTime\": \"12-11-2019 13:47:01\"\r\n    },\r\n    \"requestRecord\": {\r\n        \"customer_id\": \"5106901\"\r\n    }\r\n}"
				},
				"url": {
					"raw": "http://10.102.63.62:8080/PolicyDataService/SearchPolicyByCustomerId",
					"protocol": "http",
					"host": [
						"10",
						"102",
						"63",
						"62"
					],
					"port": "8080",
					"path": [
						"PolicyDataService",
						"SearchPolicyByCustomerId"
					]
				}
			},
			"response": []
		},
		{
			"name": "POL_DB_05_GetRiderDetial [DDCX]",
			"event": [
				{
					"listen": "test",
					"script": {
						"exec": [
							"pm.test(\"Status code is 200\", function () {",
							"    pm.response.to.have.status(200);",
							"});",
							"pm.test(\"Body matches string\", function () {",
							"    pm.expect(pm.response.text()).to.include(\"ดำเนินการเรียบร้อย\");",
							"});"
						],
						"type": "text/javascript"
					}
				}
			],
			"request": {
				"method": "POST",
				"header": [
					{
						"key": "Content-Type",
						"name": "Content-Type",
						"value": "application/json",
						"type": "text"
					}
				],
				"body": {
					"mode": "raw",
					"raw": "{\r\n    \"headerData\": {\r\n        \"messageId\": \"3fe0a3c63603b7ea\",\r\n        \"sentDateTime\": \"03-11-2017 09:08:18\",\r\n        \"responseDateTime\": \"\"\r\n        },\r\n     \"requestRecord\": {\r\n             \"policyno\":\"23250904\",\r\n             \"certno\":\"\",\r\n             \"type\":\"xx-OL-xx\"\r\n     }\r\n}"
				},
				"url": {
					"raw": "{{Protocal}}://{{Server}}:{{Port}}/PolicyDataService/GetRiderDetial",
					"protocol": "{{Protocal}}",
					"host": [
						"{{Server}}"
					],
					"port": "{{Port}}",
					"path": [
						"PolicyDataService",
						"GetRiderDetial"
					]
				}
			},
			"response": []
		},
		{
			"name": "BCP-DDCX-01 - payChannelSelect",
			"event": [
				{
					"listen": "test",
					"script": {
						"exec": [
							"pm.test(\"Status code is 200\", function () {",
							"    pm.response.to.have.status(200);",
							"});",
							"pm.test(\"Body matches string\", function () {",
							"    pm.expect(pm.response.text()).to.include(\"ดำเนินการเรียบร้อย\");",
							"});"
						],
						"type": "text/javascript"
					}
				}
			],
			"request": {
				"method": "POST",
				"header": [
					{
						"key": "Content-Type",
						"name": "Content-Type",
						"type": "text",
						"value": "application/json"
					}
				],
				"body": {
					"mode": "raw",
					"raw": "{\r\n    \"headerData\": {\r\n        \"messageId\": \"3fe0a3c63603b7ea\",\r\n        \"sentDateTime\": \"14-11-2019 15:38:40\"\r\n    },\r\n    \"requestRecord\": {\r\n        \"policyType\": \"O\",\r\n        \"policyNo\": \"20974563\"\r\n    }\r\n}"
				},
				"url": {
					"raw": "{{Protocal}}://{{Server}}:{{Port}}/InquiryCreditPayment/rest/service/inquiry",
					"protocol": "{{Protocal}}",
					"host": [
						"{{Server}}"
					],
					"port": "{{Port}}",
					"path": [
						"InquiryCreditPayment",
						"rest",
						"service",
						"inquiry"
					]
				}
			},
			"response": []
		},
		{
			"name": "BCP-DDCX-02 - PaymentHistory by Policy",
			"event": [
				{
					"listen": "test",
					"script": {
						"exec": [
							"pm.test(\"Status code is 200\", function () {",
							"    pm.response.to.have.status(200);",
							"});",
							"pm.test(\"Body matches string\", function () {",
							"    pm.expect(pm.response.text()).to.include(\"ดำเนินการเรียบร้อย\");",
							"});"
						],
						"type": "text/javascript"
					}
				}
			],
			"request": {
				"method": "POST",
				"header": [
					{
						"key": "Content-Type",
						"name": "Content-Type",
						"type": "text",
						"value": "application/json"
					}
				],
				"body": {
					"mode": "raw",
					"raw": "{\r\n    \"headerData\": {\r\n        \"messageId\": \"3fe0a3c63603b7ea\",\r\n        \"sentDateTime\": \"14-11-2019 15:38:40\"\r\n    },\r\n    \"requestRecord\": {\r\n        \"policyType\": \"O\",\r\n        \"policyNo\": \"20974563\"\r\n    }\r\n}"
				},
				"url": {
					"raw": "{{Protocal}}://{{Server}}:{{Port}}/ReceiptHistory/rest/service/inquire",
					"protocol": "{{Protocal}}",
					"host": [
						"{{Server}}"
					],
					"port": "{{Port}}",
					"path": [
						"ReceiptHistory",
						"rest",
						"service",
						"inquire"
					]
				}
			},
			"response": []
		},
		{
			"name": "BCP-DDCX-03 -  ค้นหาประวัติการชำระเบี้ยประกันภัยทุกงวดชำระจนถึงปัจจุบัน",
			"event": [
				{
					"listen": "test",
					"script": {
						"exec": [
							"pm.test(\"Status code is 200\", function () {",
							"    pm.response.to.have.status(200);",
							"});",
							"pm.test(\"Body matches string\", function () {",
							"    pm.expect(pm.response.text()).to.include(\"ดำเนินการเรียบร้อย\");",
							"});"
						],
						"type": "text/javascript"
					}
				}
			],
			"request": {
				"method": "POST",
				"header": [
					{
						"key": "Content-Type",
						"name": "Content-Type",
						"type": "text",
						"value": "application/json"
					}
				],
				"body": {
					"mode": "raw",
					"raw": "{\r\n    \"headerData\": {\r\n        \"messageId\": \"3fe0a3c63603b7ea\",\r\n        \"sentDateTime\": \"14-11-2019 15:38:40\"\r\n    },\r\n    \"requestRecord\": {\r\n        \"policyType\": \"O\",\r\n        \"receiptNo\": \"849610000861\"\r\n    }\r\n}\r\n \r\n"
				},
				"url": {
					"raw": "{{Protocal}}://{{Server}}:{{Port}}/ReceiptHistoryDetail/rest/receipt/1.0/detail",
					"protocol": "{{Protocal}}",
					"host": [
						"{{Server}}"
					],
					"port": "{{Port}}",
					"path": [
						"ReceiptHistoryDetail",
						"rest",
						"receipt",
						"1.0",
						"detail"
					]
				}
			},
			"response": []
		},
		{
			"name": "FindRenewalDate",
			"event": [
				{
					"listen": "test",
					"script": {
						"exec": [
							"pm.test(\"Status code is 200\", function () {",
							"    pm.response.to.have.status(200);",
							"});",
							"pm.test(\"Body matches string\", function () {",
							"    pm.expect(pm.response.text()).to.include(\"Success\");",
							"});"
						],
						"type": "text/javascript"
					}
				}
			],
			"request": {
				"method": "POST",
				"header": [],
				"body": {
					"mode": "raw",
					"raw": "{\n\"policyNo\" : \"23007537\"\n}",
					"options": {
						"raw": {
							"language": "json"
						}
					}
				},
				"url": {
					"raw": "https://{{Server}}:8243/PolicyDetailWS/policyDetailService/findRenewalDate/1.0",
					"protocol": "https",
					"host": [
						"{{Server}}"
					],
					"port": "8243",
					"path": [
						"PolicyDetailWS",
						"policyDetailService",
						"findRenewalDate",
						"1.0"
					]
				}
			},
			"response": []
		},
		{
			"name": "POL15-certfamily",
			"event": [
				{
					"listen": "test",
					"script": {
						"exec": [
							"pm.test(\"Status code is 200\", function () {",
							"    pm.response.to.have.status(200);",
							"});"
						],
						"type": "text/javascript"
					}
				}
			],
			"request": {
				"method": "POST",
				"header": [],
				"body": {
					"mode": "raw",
					"raw": "{\n\t\"headerData\" : {\n\t\"messageId\" : \"251e807e-1242-4805-8ad8-74066eb364ee\",\n\t\"sentDateTime\" : \"03-08-2018T15:16:15.746\",\n\t\"responseDateTime\" : \"03-08-2018T15:16:15.746\"\n\t},\n\t\"body\" : {\n\t\t\"policyNo\" : \"M004\",\n        \"certNo\" : \"00013832\"\n}\n}",
					"options": {
						"raw": {
							"language": "json"
						}
					}
				},
				"url": {
					"raw": "https://{{Server}}:8243/certfamily/members",
					"protocol": "https",
					"host": [
						"{{Server}}"
					],
					"port": "8243",
					"path": [
						"certfamily",
						"members"
					]
				}
			},
			"response": []
		},
		{
			"name": "GetMatureRate-01",
			"event": [
				{
					"listen": "test",
					"script": {
						"exec": [
							"pm.test(\"Status code is 200\", function () {",
							"    pm.response.to.have.status(200);",
							"});",
							"pm.test(\"Body matches string\", function () {",
							"    pm.expect(pm.response.text()).to.include(\"Success\");",
							"});"
						],
						"type": "text/javascript"
					}
				}
			],
			"request": {
				"method": "POST",
				"header": [],
				"body": {
					"mode": "raw",
					"raw": "{\n    \"policyNo\" : \"36518221\",\n    \"planCode\" : \"WY20\",\n    \"sum\" : \"100000\"\n}",
					"options": {
						"raw": {
							"language": "json"
						}
					}
				},
				"url": {
					"raw": "https://{{Server}}:8243/MatureWS/matureService/getMatureRate/",
					"protocol": "https",
					"host": [
						"{{Server}}"
					],
					"port": "8243",
					"path": [
						"MatureWS",
						"matureService",
						"getMatureRate",
						""
					]
				}
			},
			"response": []
		},
		{
			"name": "PF001-policyBenefit",
			"event": [
				{
					"listen": "test",
					"script": {
						"exec": [
							"pm.test(\"Status code is 200\", function () {",
							"    pm.response.to.have.status(200);",
							"});",
							"pm.test(\"Body matches string\", function () {",
							"    pm.expect(pm.response.text()).to.include(\"successfully\");",
							"});"
						],
						"type": "text/javascript"
					}
				}
			],
			"request": {
				"method": "POST",
				"header": [],
				"body": {
					"mode": "raw",
					"raw": "{\n\t\"headerData\" : {\n\t\"messageId\" : \"251e807e-1242-4805-8ad8-74066eb364ee\",\n\t\"sentDateTime\" : \"03-08-2018T15:16:15.746\",\n\t\"responseDateTime\" : \"03-08-2018T15:16:15.746\",\n\t\"recordPerPage\" : \"\",\n\t\"requestPage\" : \"\",\n\t\"totalRecord\" : \"\"\n\t},\n\t\"requestRecord\" : {\n\t\t\"policyNo\" : \"36518221\"\n}\n}",
					"options": {
						"raw": {
							"language": "json"
						}
					}
				},
				"url": {
					"raw": "http://{{Server}}:8280/policybenefit/ws/rest/getPolicyBenefit/1.0",
					"protocol": "http",
					"host": [
						"{{Server}}"
					],
					"port": "8280",
					"path": [
						"policybenefit",
						"ws",
						"rest",
						"getPolicyBenefit",
						"1.0"
					]
				}
			},
			"response": []
		},
		{
			"name": "UNW-01 searchApplication [DDCX]",
			"event": [
				{
					"listen": "test",
					"script": {
						"exec": [
							"pm.test(\"Status code is 200\", function () {",
							"    pm.response.to.have.status(200);",
							"});",
							"pm.test(\"Body matches string\", function () {",
							"    pm.expect(pm.response.text()).to.include(\"Success\");",
							"});"
						],
						"type": "text/javascript"
					}
				}
			],
			"request": {
				"method": "POST",
				"header": [],
				"body": {
					"mode": "raw",
					"raw": "{\r\n    \"headerData\": {\r\n        \"messageId\": \"123456789\",\r\n        \"sentDateTime\": \"2020-12-08 15:15:59\",\r\n        \"responseDateTime\": null\r\n    },\r\n    \"requestRecord\": {\r\n    \t\"channel\" : \"CC\",\r\n        \"salesID\": \"\",\r\n        \"firstName\": \"อัญชลี\",\r\n        \"lastName\": \"เถลิงเกียรติกำจร\",\r\n        \"tempPolicyNo\" : \"AA449434\",\r\n        \"applicationNo\" : \"\",\r\n        \"tempRpNo\" : \"\",\r\n        \"idNo\" : \"2223268876875\",\r\n        \"illustID\" : \"\",\r\n        \"startRecordDate\" : \"\",\r\n        \"endRecordDate\" : \"\"\r\n    }\r\n}",
					"options": {
						"raw": {
							"language": "json"
						}
					}
				},
				"url": {
					"raw": "{{Protocal}}://{{Server}}:{{Port}}/CoreDDCXRestWS/rest/searchapplication/detail/1.0",
					"protocol": "{{Protocal}}",
					"host": [
						"{{Server}}"
					],
					"port": "{{Port}}",
					"path": [
						"CoreDDCXRestWS",
						"rest",
						"searchapplication",
						"detail",
						"1.0"
					]
				},
				"description": "ขอรายละเอียดประวัติการดำเนินการ"
			},
			"response": []
		},
		{
			"name": "UNW-02 searchprogress [DDCX]",
			"event": [
				{
					"listen": "test",
					"script": {
						"exec": [
							"pm.test(\"Status code is 200\", function () {",
							"    pm.response.to.have.status(200);",
							"});",
							"pm.test(\"Body matches string\", function () {",
							"    pm.expect(pm.response.text()).to.include(\"Success\");",
							"});"
						],
						"type": "text/javascript"
					}
				}
			],
			"request": {
				"method": "POST",
				"header": [],
				"body": {
					"mode": "raw",
					"raw": "{\n    \"headerData\": {\n        \"messageId\": \"123456789\",\n        \"sentDateTime\": \"2020-12-08 15:15:59\",\n        \"responseDateTime\": null\n    },\n    \"requestRecord\": {\n        \"tempPolicyNo\": \"AM090349\",\n        \"yymm\": \"\",\n        \"applicationNo\": \"\"\n    }\n}\n \n",
					"options": {
						"raw": {
							"language": "json"
						}
					}
				},
				"url": {
					"raw": "{{Protocal}}://{{Server}}:{{Port}}/CoreDDCXRestWS/rest/searchprogress/detail/1.0",
					"protocol": "{{Protocal}}",
					"host": [
						"{{Server}}"
					],
					"port": "{{Port}}",
					"path": [
						"CoreDDCXRestWS",
						"rest",
						"searchprogress",
						"detail",
						"1.0"
					]
				},
				"description": "ขอรายละเอียดประวัติการดำเนินการ"
			},
			"response": []
		},
		{
			"name": "UNW-03 genprebook [DDCX]",
			"event": [
				{
					"listen": "test",
					"script": {
						"exec": [
							"pm.test(\"Status code is 200\", function () {",
							"    pm.response.to.have.status(200);",
							"});",
							"pm.test(\"Body matches string\", function () {",
							"    pm.expect(pm.response.text()).to.include(\"Success\");",
							"});"
						],
						"type": "text/javascript"
					}
				}
			],
			"request": {
				"method": "POST",
				"header": [],
				"body": {
					"mode": "raw",
					"raw": "{\n    \"headerData\": {\n        \"messageId\": \"123456789\",\n        \"sentDateTime\": \"2020-12-08 15:15:59\",\n        \"responseDateTime\": null\n    },\n    \"requestRecord\": {\n        \"yyyy\": \"2562\",\n        \"bookNo\": \"203595\"\n    }\n}",
					"options": {
						"raw": {
							"language": "json"
						}
					}
				},
				"url": {
					"raw": "{{Protocal}}://{{Server}}:{{Port}}/CoreDDCXRestWS/rest/genprebook/inform/1.0",
					"protocol": "{{Protocal}}",
					"host": [
						"{{Server}}"
					],
					"port": "{{Port}}",
					"path": [
						"CoreDDCXRestWS",
						"rest",
						"genprebook",
						"inform",
						"1.0"
					]
				},
				"description": "ขอรายละเอียดประวัติการดำเนินการ"
			},
			"response": []
		}
	],
	"auth": {
		"type": "oauth2",
		"oauth2": [
			{
				"key": "tokenName",
				"value": "token",
				"type": "string"
			},
			{
				"key": "challengeAlgorithm",
				"value": "S256",
				"type": "string"
			},
			{
				"key": "grant_type",
				"value": "client_credentials",
				"type": "string"
			},
			{
				"key": "clientSecret",
				"value": "{{Secret}}",
				"type": "string"
			},
			{
				"key": "clientId",
				"value": "{{Key}}",
				"type": "string"
			},
			{
				"key": "addTokenTo",
				"value": "header",
				"type": "string"
			},
			{
				"key": "client_authentication",
				"value": "header",
				"type": "string"
			},
			{
				"key": "accessTokenUrl",
				"value": "{{Protocal}}://{{Server}}:{{Port}}/token",
				"type": "string"
			},
			{
				"key": "tokenType",
				"value": "Bearer",
				"type": "string"
			}
		]
	},
	"event": [
		{
			"listen": "prerequest",
			"script": {
				"type": "text/javascript",
				"exec": [
					""
				]
			}
		},
		{
			"listen": "test",
			"script": {
				"type": "text/javascript",
				"exec": [
					""
				]
			}
		}
	]
}